ACTINIFORM,ACTINIFIVEM
AERIFORM,AERIFIVEM
AFFORD,AFFIVED
AFFORDABILITY,AFFIVEDABILITY
AFFORDABLE,AFFIVEDABLE
AFFORDABLE'S,AFFIVEDABLE'S
AFFORDABLES,AFFIVEDABLES
AFFORDABLY,AFFIVEDABLY
AFFORDED,AFFIVEDED
AFFORDING,AFFIVEDING
AFFORDS,AFFIVEDS
AFORE,AFIVE
AFORE,AFIVE
AFORE-SAID,AFIVE-SAID
AFORE-THOUGHT,AFIVE-THOUGHT
AFOREHAND,AFIVEHAND
AFOREMENTIONED,AFIVEMENTIONED
AFORESAID,AFIVESAID
AFORETHOUGHT,AFIVETHOUGHT
AFORETIME,AFIVETIME
AFORETIMES,AFIVETIMES
ALBUMINIFORM,ALBUMINIFIVEM
ALDERFORD,ALDERFIVED
ALFORD,ALFIVED
ALFORD'S,ALFIVED'S
ALFORT,ALFIVET
ALIFORM,ALIFIVEM
ALIFORNIA,ALIFIVENIA
ALUMINIFORM,ALUMINIFIVEM
AMENTIFORM,AMENTIFIVEM
ANTICONFORMIST,ANTICONFIVEMIST
ANTIFORM,ANTIFIVEM
ANTIFORMANT,ANTIFIVEMANT
ANTIREFORM,ANTIREFIVEM
ANTIREFORMER,ANTIREFIVEMER
ANTIREFORMERS,ANTIREFIVEMERS
ANTIREFORMING,ANTIREFIVEMING
ANTIREFORMIST,ANTIREFIVEMIST
AREFORM,AREFIVEM
ASBESTIFORM,ASBESTIFIVEM
AURIFORM,AURIFIVEM
A_FORTIORI,A_FIVETIORI
BACK-FORMATION,BACK-FIVEMATION
BACK-FORMATIONS,BACK-FIVEMATIONS
BACKFORD,BACKFIVED
BAMFORD,BAMFIVED
BANFORD,BANFIVED
BANKFORD,BANKFIVED
BARFORD,BARFIVED
BARRINGFORD,BARRINGFIVED
BARRINGFORD'S,BARRINGFIVED'S
BASALTIFORM,BASALTIFIVEM
BASEFORM,BASEFIVEM
BASEFORMS,BASEFIVEMS
BASSFORD,BASSFIVED
BEAMFORMER,BEAMFIVEMER
BEAMFORMING,BEAMFIVEMING
BEAUFORD,BEAUFIVED
BEAUFORT,BEAUFIVET
BEAUFORT'S,BEAUFIVET'S
BEAUFORTS,BEAUFIVETS
BECKFORD,BECKFIVED
BECKFORD'S,BECKFIVED'S
BEFALL,BEFALL
BEFALLEN,BEFALLEN
BEFALLING,BEFALLING
BEFALLS,BEFALLS
BEFORE,BEFIVE
BEFORE,BEFIVE
BEFORE'S,BEFIVE'S
BEFORE'S,BEFIVE'S
BEFOREHAND,BEFIVEHAND
BEFOREMENTIONED,BEFIVEMENTIONED
BEFORES,BEFIVES
BEFORES,BEFIVES
BEFORESTED,BEFIVESTED
BEFORETIME,BEFIVETIME
BEFORETIMES,BEFIVETIMES
BELFORT,BELFIVET
BELFORT'S,BELFIVET'S
BELFORTS,BELFIVETS
BELFOUR,BELFIVE
BELFOUR'S,BELFIVE'S
BENFORD,BENFIVED
BENFORD'S,BENFIVED'S
BENFORDS,BENFIVEDS
BIGFALLS,BIGFALLS
BIGFORD,BIGFIVED
BINFORD,BINFIVED
BINFORD'S,BINFIVED'S
BLACKFORD,BLACKFIVED
BLACKFORD'S,BLACKFIVED'S
BLANDFORD,BLANDFIVED
BLANDFORD'S,BLANDFIVED'S
BLANDFORDS,BLANDFIVEDS
BLANKFORT,BLANKFIVET
BONFORT,BONFIVET
BRAILSFORD,BRAILSFIVED
BRAILSFORD'S,BRAILSFIVED'S
BRAINFORD,BRAINFIVED
BRANDFORD,BRANDFIVED
BRANFORD,BRANFIVED
BRANFORD'S,BRANFIVED'S
BRANSFORD,BRANSFIVED
BRANSFORD'S,BRANSFIVED'S
BRAYFORD,BRAYFIVED
BRIDGEFORD,BRIDGEFIVED
BRIDGEFORTH,BRIDGEFIVETH
BURFORD,BURFIVED
BURFORD'S,BURFIVED'S
CACTIFORM,CACTIFIVEM
CALCIFORM,CALCIFIVEM
CALCIFORMIS,CALCIFIVEMIS
CALIFORNIA,CALIFIVENIA
CALIFORNIA'S,CALIFIVENIA'S
CALIFORNIAN,CALIFIVENIAN
CALIFORNIAN,CALIFIVENIAN
CALIFORNIAN'S,CALIFIVENIAN'S
CALIFORNIAN'S,CALIFIVENIAN'S
CALIFORNIANS,CALIFIVENIANS
CALIFORNIAS,CALIFIVENIAS
CALIFORNICA,CALIFIVENICA
CALIFORNICATE,CALIFIVENICATE
CALIFORNICATION,CALIFIVENICATION
CANALIFORM,CANALIFIVEM
CANFORD,CANFIVED
CANFORD'S,CANFIVED'S
CARRYFORWARD,CARRYFIVEWARD
CARRYFORWARDS,CARRYFIVEWARDS
CARVING-FORK,CARVING-FIVEK
CARVING-FORKS,CARVING-FIVEKS
CATFALL,CATFALL
CATFORD,CATFIVED
CATFORD'S,CATFIVED'S
CELLIFORM,CELLIFIVEM
CELTIFORM,CELTIFIVEM
CHAP-FALLEN,CHAP-FALLEN
CHAPFALLEN,CHAPFALLEN
CHATFORD,CHATFIVED
CHLOROFORM,CHLOROFIVEM
CHLOROFORMATES,CHLOROFIVEMATES
CHLOROFORMED,CHLOROFIVEMED
CHLOROFORMIC,CHLOROFIVEMIC
CHLOROFORMING,CHLOROFIVEMING
CHLOROFORMISES,CHLOROFIVEMISES
CHLOROFORMIST,CHLOROFIVEMIST
CHLOROFORMS,CHLOROFIVEMS
CITRIFORMIS,CITRIFIVEMIS
CLANSFORD,CLANSFIVED
CLANSFORD'S,CLANSFIVED'S
CLIFORNIA,CLIFIVENIA
COCCIFORM,COCCIFIVEM
COCKINGFORD,COCKINGFIVED
COLFORD,COLFIVED
COLUMNIFORM,COLUMNIFIVEM
COMERFORD,COMERFIVED
COMERFORD'S,COMERFIVED'S
COMINFORM,COMINFIVEM
CONFORM,CONFIVEM
CONFORMABILITY,CONFIVEMABILITY
CONFORMABLE,CONFIVEMABLE
CONFORMABLENESS,CONFIVEMABLENESS
CONFORMABLY,CONFIVEMABLY
CONFORMAL,CONFIVEMAL
CONFORMALITIES,CONFIVEMALITIES
CONFORMALLY,CONFIVEMALLY
CONFORMANCE,CONFIVEMANCE
CONFORMANCES,CONFIVEMANCES
CONFORMANT,CONFIVEMANT
CONFORMATION,CONFIVEMATION
CONFORMATION'S,CONFIVEMATION'S
CONFORMATIONAL,CONFIVEMATIONAL
CONFORMATIONALLY,CONFIVEMATIONALLY
CONFORMATIONS,CONFIVEMATIONS
CONFORMATIVE,CONFIVEMATIVE
CONFORMD,CONFIVEMD
CONFORME,CONFIVEME
CONFORMED,CONFIVEMED
CONFORMER,CONFIVEMER
CONFORMERS,CONFIVEMERS
CONFORMING,CONFIVEMING
CONFORMIS,CONFIVEMIS
CONFORMISM,CONFIVEMISM
CONFORMIST,CONFIVEMIST
CONFORMISTS,CONFIVEMISTS
CONFORMITIES,CONFIVEMITIES
CONFORMITY,CONFIVEMITY
CONFORMS,CONFIVEMS
CONFORTABLE,CONFIVETABLE
CONFORTABLY,CONFIVETABLY
CONFORTE,CONFIVETE
CONFORTE'S,CONFIVETE'S
CONFORTED,CONFIVETED
CONFORTES,CONFIVETES
CONFORTI'S,CONFIVETI'S
CONFORTIS,CONFIVETIS
CONIFORM,CONIFIVEM
CORNFORD,CORNFIVED
CORNFORD'S,CORNFIVED'S
CORNFORTH,CORNFIVETH
CORNFORTH'S,CORNFIVETH'S
CORONIFORM,CORONIFIVEM
COSTIFORM,COSTIFIVEM
COUNTERFORCE,COUNTERFIVECE
COUNTERFORCES,COUNTERFIVECES
CRAFFORD,CRAFFIVED
CRANFORD,CRANFIVED
CRAWFORD,CRAWFIVED
CRAWFORD'S,CRAWFIVED'S
CRAWFORDS,CRAWFIVEDS
CRAWFORDSVILLE,CRAWFIVEDSVILLE
CRAYFORD,CRAYFIVED
CRAYFORD'S,CRAYFIVED'S
CREST-FALLEN,CREST-FALLEN
CRESTFALL,CRESTFALL
CRESTFALLEN,CRESTFALLEN
CRESTFALLENLY,CRESTFALLENLY
CRESTFALLENNESS,CRESTFALLENNESS
CROCKFORD,CROCKFIVED
CROCKFORD'S,CROCKFIVED'S
CRUCIFORM,CRUCIFIVEM
CRUCIFORMITY,CRUCIFIVEMITY
CRUCIFORMLY,CRUCIFIVEMLY
CRUCIFORMS,CRUCIFIVEMS
CUBIFORM,CUBIFIVEM
CUNEIFORM,CUNEIFIVEM
CUNEIFORM,CUNEIFIVEM
CUNEIFORMED,CUNEIFIVEMED
CUNEIFORMED,CUNEIFIVEMED
CUNEIFORMIS,CUNEIFIVEMIS
CUNEIFORMIST,CUNEIFIVEMIST
CUNIFORM,CUNIFIVEM
CUTSFORTH,CUTSFIVETH
CYLINDRIFORM,CYLINDRIFIVEM
DADFORD,DADFIVED
DANFORD,DANFIVED
DANFORD'S,DANFIVED'S
DANFORTH,DANFIVETH
DANFORTH'S,DANFIVETH'S
DANFORTHS,DANFIVETHS
DEADFALL,DEADFALL
DEADFALLS,DEADFALLS
DEFAULT,DEFAULT
DEFAULT'S,DEFAULT'S
DEFAULTANT,DEFAULTANT
DEFAULTED,DEFAULTED
DEFAULTER,DEFAULTER
DEFAULTER,DEFAULTER
DEFAULTER'S,DEFAULTER'S
DEFAULTER'S,DEFAULTER'S
DEFAULTERS,DEFAULTERS
DEFAULTING,DEFAULTING
DEFAULTLESS,DEFAULTLESS
DEFAULTS,DEFAULTS
DEFORM,DEFIVEM
DEFORMABILITY,DEFIVEMABILITY
DEFORMABLE,DEFIVEMABLE
DEFORMALIZE,DEFIVEMALIZE
DEFORMANS,DEFIVEMANS
DEFORMATION,DEFIVEMATION
DEFORMATION'S,DEFIVEMATION'S
DEFORMATIONAL,DEFIVEMATIONAL
DEFORMATIONS,DEFIVEMATIONS
DEFORMATIVE,DEFIVEMATIVE
DEFORMD,DEFIVEMD
DEFORMED,DEFIVEMED
DEFORMER,DEFIVEMER
DEFORMERS,DEFIVEMERS
DEFORMING,DEFIVEMING
DEFORMIST,DEFIVEMIST
DEFORMITIES,DEFIVEMITIES
DEFORMITY,DEFIVEMITY
DEFORMITY'S,DEFIVEMITY'S
DEFORMS,DEFIVEMS
DENDRIFORM,DENDRIFIVEM
DENTIFORM,DENTIFIVEM
DETRANSFORMING,DETRANSFIVEMING
DEWFALL,DEWFALL
DEWFALLS,DEWFALLS
DISCONFORM,DISCONFIVEM
DISCONFORMABLE,DISCONFIVEMABLE
DISCONFORMING,DISCONFIVEMING
DISCONFORMITY,DISCONFIVEMITY
DISINFORM,DISINFIVEM
DISINFORMATIVE,DISINFIVEMATIVE
DISINFORMED,DISINFIVEMED
DISINFORMERS,DISINFIVEMERS
DISINFORMING,DISINFIVEMING
DISUNIFORM,DISUNIFIVEM
DISUNIFORMITY,DISUNIFIVEMITY
DOWNFALL,DOWNFALL
DOWNFALLEN,DOWNFALLEN
DOWNFALLING,DOWNFALLING
DOWNFALLS,DOWNFALLS
DRAKEFORD,DRAKEFIVED
DRAKEFORD'S,DRAKEFIVED'S
DUMFORD,DUMFIVED
DUNFORD,DUNFIVED
DUNFORD'S,DUNFIVED'S
DUNFORDS,DUNFIVEDS
ENFORCE,ENFIVECE
ENFORCE,ENFIVECE
ENFORCEABILITY,ENFIVECEABILITY
ENFORCEABILITY,ENFIVECEABILITY
ENFORCEABLE,ENFIVECEABLE
ENFORCEABLE,ENFIVECEABLE
ENFORCED,ENFIVECED
ENFORCED,ENFIVECED
ENFORCEMENT,ENFIVECEMENT
ENFORCEMENT,ENFIVECEMENT
ENFORCEMENT'S,ENFIVECEMENT'S
ENFORCEMENT'S,ENFIVECEMENT'S
ENFORCEMENTS,ENFIVECEMENTS
ENFORCEMENTS,ENFIVECEMENTS
ENFORCER,ENFIVECER
ENFORCER,ENFIVECER
ENFORCER,ENFIVECER
ENFORCER,ENFIVECER
ENFORCER'S,ENFIVECER'S
ENFORCER'S,ENFIVECER'S
ENFORCER'S,ENFIVECER'S
ENFORCER'S,ENFIVECER'S
ENFORCERS,ENFIVECERS
ENFORCERS,ENFIVECERS
ENFORCERS,ENFIVECERS
ENFORCERS,ENFIVECERS
ENFORCES,ENFIVECES
ENFORCES,ENFIVECES
ENFORCIBILITY,ENFIVECIBILITY
ENFORCIBILITY,ENFIVECIBILITY
ENFORCIBLE,ENFIVECIBLE
ENFORCIBLE,ENFIVECIBLE
ENFORCING,ENFIVECING
ENFORCING,ENFIVECING
ENFORCINGLY,ENFIVECINGLY
ENFORCINGLY,ENFIVECINGLY
EUPHORIA,EUPHORIA
EUPHORIA'S,EUPHORIA'S
EUPHORIAS,EUPHORIAS
EVENFALL,EVENFALL
EVENFALLS,EVENFALLS
EXTRACTIFORM,EXTRACTIFIVEM
FALCHION,FALCHION
FALCHIONS,FALCHIONS
FALCON,FALCON
FALCON'S,FALCON'S
FALCONBRIDGE,FALCONBRIDGE
FALCONBRIDGE'S,FALCONBRIDGE'S
FALCONE'S,FALCONE'S
FALCONER,FALCONER
FALCONER'S,FALCONER'S
FALCONERS,FALCONERS
FALCONES,FALCONES
FALCONI'S,FALCONI'S
FALCONING,FALCONING
FALCONITE,FALCONITE
FALCONRIDGE,FALCONRIDGE
FALCONS,FALCONS
FALCONS'S,FALCONS'S
FALDSTOOL,FALDSTOOL
FALKIRK,FALKIRK
FALKIRK'S,FALKIRK'S
FALL,FALL
FALL'S,FALL'S
FALL-OUT,FALL-OUT
FALL-OUTS,FALL-OUTS
FALLA'S,FALLA'S
FALLAGE,FALLAGE
FALLBACK,FALLBACK
FALLBACKS,FALLBACKS
FALLED,FALLED
FALLEN,FALLEN
FALLENBERG,FALLENBERG
FALLENDER,FALLENDER
FALLENNESS,FALLENNESS
FALLENS,FALLENS
FALLER,FALLER
FALLER,FALLER
FALLERS,FALLERS
FALLING,FALLING
FALLING'S,FALLING'S
FALLINGS,FALLINGS
FALLOFF,FALLOFF
FALLOFFS,FALLOFFS
FALLOUT,FALLOUT
FALLOUT'S,FALLOUT'S
FALLOUTS,FALLOUTS
FALLS,FALLS
FALLS'S,FALLS'S
FALLSBURG,FALLSBURG
FALLSIDE,FALLSIDE
FALSAS,FALSAS
FALSE,FALSE
FALSEHOOD,FALSEHOOD
FALSEHOOD'S,FALSEHOOD'S
FALSEHOODS,FALSEHOODS
FALSELY,FALSELY
FALSENESS,FALSENESS
FALSER,FALSER
FALSER,FALSER
FALSETT,FALSETT
FALSETTER,FALSETTER
FALSETTO,FALSETTO
FALSETTOS,FALSETTOS
FALSIES,FALSIES
FALSIFIABLE,FALSIFIABLE
FALSIFICATE,FALSIFICATE
FALSIFICATION,FALSIFICATION
FALSIFICATIONISM,FALSIFICATIONISM
FALSIFICATIONIST,FALSIFICATIONIST
FALSIFICATIONIST'S,FALSIFICATIONIST'S
FALSIFICATIONISTS,FALSIFICATIONISTS
FALSIFICATIONISTS',FALSIFICATIONISTS'
FALSIFICATIONS,FALSIFICATIONS
FALSIFICATOR,FALSIFICATOR
FALSIFIED,FALSIFIED
FALSIFIER,FALSIFIER
FALSIFIERS,FALSIFIERS
FALSIFIES,FALSIFIES
FALSIFY,FALSIFY
FALSIFYING,FALSIFYING
FALSING,FALSING
FALSITIES,FALSITIES
FALSITY,FALSITY
FALTAS,FALTAS
FALTENS,FALTENS
FALTER,FALTER
FALTER,FALTER
FALTERED,FALTERED
FALTERER,FALTERER
FALTERERS,FALTERERS
FALTERING,FALTERING
FALTERINGLY,FALTERINGLY
FALTERINGS,FALTERINGS
FALTERMAN,FALTERMAN
FALTERS,FALTERS
FALTES,FALTES
FALTINGS,FALTINGS
FALTIS,FALTIS
FAUCAL,FAUCAL
FAUCALIZE,FAUCALIZE
FAUCALIZED,FAUCALIZED
FAUCES,FAUCES
FAUCET,FAUCET
FAUCET'S,FAUCET'S
FAUCETS,FAUCETS
FAUCETT'S,FAUCETT'S
FAUGH,FAUGH
FAUGHT'S,FAUGHT'S
FAULDER,FAULDER
FAULDERS,FAULDERS
FAULDHOUSE,FAULDHOUSE
FAULDING,FAULDING
FAULDING'S,FAULDING'S
FAULDS,FAULDS
FAULT,FAULT
FAULT'S,FAULT'S
FAULT-FINDER,FAULT-FINDER
FAULT-FINDER,FAULT-FINDER
FAULT-FINDERS,FAULT-FINDERS
FAULT-FINDING,FAULT-FINDING
FAULTED,FAULTED
FAULTER,FAULTER
FAULTER,FAULTER
FAULTERED,FAULTERED
FAULTFIND,FAULTFIND
FAULTFINDER,FAULTFINDER
FAULTFINDERS,FAULTFINDERS
FAULTFINDING,FAULTFINDING
FAULTIER,FAULTIER
FAULTIER,FAULTIER
FAULTIEST,FAULTIEST
FAULTILY,FAULTILY
FAULTINESS,FAULTINESS
FAULTING,FAULTING
FAULTLESS,FAULTLESS
FAULTLESSLY,FAULTLESSLY
FAULTLESSNESS,FAULTLESSNESS
FAULTS,FAULTS
FAULTSMAN,FAULTSMAN
FAULTY,FAULTY
FAUN,FAUN
FAUN'S,FAUN'S
FAUNA,FAUNA
FAUNALLY,FAUNALLY
FAUNAS,FAUNAS
FAUNS,FAUNS
FAUNTROY,FAUNTROY
FAUNTROY'S,FAUNTROY'S
FAUNTRY,FAUNTRY
FAWLEY,FAWLEY
FAWLEY'S,FAWLEY'S
FAWN,FAWN
FAWN'S,FAWN'S
FAWNED,FAWNED
FAWNER,FAWNER
FAWNERS,FAWNERS
FAWNES,FAWNES
FAWNING,FAWNING
FAWNINGLY,FAWNINGLY
FAWNS,FAWNS
FEEDFORWARD,FEEDFIVEWARD
FEOFFOR,FEOFFIVE
FIBRIFORM,FIBRIFIVEM
FLASHFORWARD,FLASHFIVEWARD
FLASHFORWARDS,FLASHFIVEWARDS
FLATFORD,FLATFIVED
FLORIFORM,FLORIFIVEM
FLORIFORME,FLORIFIVEME
FLORIFORMIS,FLORIFIVEMIS
FOOTFALL,FOOTFALL
FOOTFALLS,FOOTFALLS
FOOTFAULT,FOOTFAULT
FOOTFAULTS,FOOTFAULTS
FOR,FIVE
FOR,FIVE
FORASMUCH,FIVEASMUCH
FORASMUCH_AS,FIVEASMUCH_AS
FORBEAR,FIVEBEAR
FORBEAR,FIVEBEAR
FORBEAR'S,FIVEBEAR'S
FORBEAR'S,FIVEBEAR'S
FORBEARABLE,FIVEBEARABLE
FORBEARANCE,FIVEBEARANCE
FORBEARANCES,FIVEBEARANCES
FORBEARANT,FIVEBEARANT
FORBEARANTLY,FIVEBEARANTLY
FORBEARER,FIVEBEARER
FORBEARER,FIVEBEARER
FORBEARER,FIVEBEARER
FORBEARER,FIVEBEARER
FORBEARING,FIVEBEARING
FORBEARINGLY,FIVEBEARINGLY
FORBEARINGNESS,FIVEBEARINGNESS
FORBEARS,FIVEBEARS
FORBORE,FIVEBORE
FORBORE,FIVEBORE
FORBORN,FIVEBORN
FORBORNE,FIVEBORNE
FORCE,FIVECE
FORCE'S,FIVECE'S
FORCE-FED,FIVECE-FED
FORCE-FEED,FIVECE-FEED
FORCE-FEEDING,FIVECE-FEEDING
FORCE-FEEDS,FIVECE-FEEDS
FORCE-LAND,FIVECE-LAND
FORCE-LANDED,FIVECE-LANDED
FORCE-LANDING,FIVECE-LANDING
FORCE-LANDS,FIVECE-LANDS
FORCEABLE,FIVECEABLE
FORCEABLY,FIVECEABLY
FORCED,FIVECED
FORCEFUL,FIVECEFUL
FORCEFULLY,FIVECEFULLY
FORCEFULNESS,FIVECEFULNESS
FORCELESS,FIVECELESS
FORCEMEAT,FIVECEMEAT
FORCEMEATS,FIVECEMEATS
FORCEMENT,FIVECEMENT
FORCEPS,FIVECEPS
FORCER,FIVECER
FORCERS,FIVECERS
FORCES,FIVECES
FORCES'S,FIVECES'S
FORCE_MAJEURE,FIVECE_MAJEURE
FORCE_MAJEURE,FIVECE_MAJEURE
FORCIBILITY,FIVECIBILITY
FORCIBLE,FIVECIBLE
FORCIBLENESS,FIVECIBLENESS
FORCIBLES,FIVECIBLES
FORCIBLY,FIVECIBLY
FORCING,FIVECING
FORCINGLY,FIVECINGLY
FORCINGS,FIVECINGS
FORD,FIVED
FORD'S,FIVED'S
FORDABLE,FIVEDABLE
FORDABLENESS,FIVEDABLENESS
FORDE'S,FIVEDE'S
FORDED,FIVEDED
FORDER,FIVEDER
FORDER,FIVEDER
FORDERER,FIVEDERER
FORDERER,FIVEDERER
FORDERER,FIVEDERER
FORDERER,FIVEDERER
FORDERERS,FIVEDERERS
FORDES,FIVEDES
FORDHAM,FIVEDHAM
FORDHAM'S,FIVEDHAM'S
FORDIAN,FIVEDIAN
FORDING,FIVEDING
FORDINGTON,FIVEDINGTON
FORDLESS,FIVEDLESS
FORDONE,FIVEDONE
FORDS,FIVEDS
FORDSON,FIVEDSON
FORDSON'S,FIVEDSON'S
FORDSTOWN,FIVEDSTOWN
FORE,FIVE
FORE,FIVE
FORE'S,FIVE'S
FORE'S,FIVE'S
FORE-GONE,FIVE-GONE
FOREARM,FIVEARM
FOREARM'S,FIVEARM'S
FOREARMED,FIVEARMED
FOREARMING,FIVEARMING
FOREARMS,FIVEARMS
FOREBAY,FIVEBAY
FOREBEAR,FIVEBEAR
FOREBEARANCE,FIVEBEARANCE
FOREBEARANCES,FIVEBEARANCES
FOREBEARING,FIVEBEARING
FOREBEARS,FIVEBEARS
FOREBODE,FIVEBODE
FOREBODED,FIVEBODED
FOREBODER,FIVEBODER
FOREBODES,FIVEBODES
FOREBODIES,FIVEBODIES
FOREBODING,FIVEBODING
FOREBODINGLY,FIVEBODINGLY
FOREBODINGS,FIVEBODINGS
FOREBRACE,FIVEBRACE
FOREBRAIN,FIVEBRAIN
FOREBRAINS,FIVEBRAINS
FOREBUILDING,FIVEBUILDING
FOREBYE,FIVEBYE
FORECABIN,FIVECABIN
FORECAST,FIVECAST
FORECAST'S,FIVECAST'S
FORECASTABILITY,FIVECASTABILITY
FORECASTABLE,FIVECASTABLE
FORECASTED,FIVECASTED
FORECASTER,FIVECASTER
FORECASTER,FIVECASTER
FORECASTER'S,FIVECASTER'S
FORECASTER'S,FIVECASTER'S
FORECASTERS,FIVECASTERS
FORECASTERS'S,FIVECASTERS'S
FORECASTING,FIVECASTING
FORECASTINGLY,FIVECASTINGLY
FORECASTS,FIVECASTS
FORECASTS',FIVECASTS'
FORECLOSE,FIVECLOSE
FORECLOSED,FIVECLOSED
FORECLOSERS,FIVECLOSERS
FORECLOSES,FIVECLOSES
FORECLOSING,FIVECLOSING
FORECLOSURE,FIVECLOSURE
FORECLOSURE,FIVECLOSURE
FORECLOSURES,FIVECLOSURES
FORECONSCIOUS,FIVECONSCIOUS
FORECOURT,FIVECOURT
FORECOURTS,FIVECOURTS
FOREDATE,FIVEDATE
FOREDATED,FIVEDATED
FOREDATES,FIVEDATES
FOREDATING,FIVEDATING
FOREDECK,FIVEDECK
FOREDECKS,FIVEDECKS
FOREDID,FIVEDID
FOREDOING,FIVEDOING
FOREDOOM,FIVEDOOM
FOREDOOMED,FIVEDOOMED
FOREDOOMING,FIVEDOOMING
FOREDOOMS,FIVEDOOMS
FOREES,FIVEES
FOREES,FIVEES
FOREFATHER,FIVEFATHER
FOREFATHER,FIVEFATHER
FOREFATHER'S,FIVEFATHER'S
FOREFATHER'S,FIVEFATHER'S
FOREFATHERLY,FIVEFATHERLY
FOREFATHERS,FIVEFATHERS
FOREFEELS,FIVEFEELS
FOREFEET,FIVEFEET
FOREFEND,FIVEFEND
FOREFENDED,FIVEFENDED
FOREFENDS,FIVEFENDS
FOREFIGURE,FIVEFIGURE
FOREFINGER,FIVEFINGER
FOREFINGER,FIVEFINGER
FOREFINGER'S,FIVEFINGER'S
FOREFINGER'S,FIVEFINGER'S
FOREFINGERS,FIVEFINGERS
FOREFOOT,FIVEFOOT
FOREFOOTING,FIVEFOOTING
FOREFRONT,FIVEFRONT
FOREFRONTING,FIVEFRONTING
FOREFRONTS,FIVEFRONTS
FOREGATHER,FIVEGATHER
FOREGATHER,FIVEGATHER
FOREGATHERED,FIVEGATHERED
FOREGATHERING,FIVEGATHERING
FOREGATHERS,FIVEGATHERS
FOREGO,FIVEGO
FOREGOER,FIVEGOER
FOREGOERS,FIVEGOERS
FOREGOES,FIVEGOES
FOREGOING,FIVEGOING
FOREGONE,FIVEGONE
FOREGROUND,FIVEGROUND
FOREGROUNDED,FIVEGROUNDED
FOREGROUNDING,FIVEGROUNDING
FOREGROUNDINGS,FIVEGROUNDINGS
FOREGROUNDS,FIVEGROUNDS
FOREGUT,FIVEGUT
FOREHAM,FIVEHAM
FOREHAMMER,FIVEHAMMER
FOREHAND,FIVEHAND
FOREHAND'S,FIVEHAND'S
FOREHANDED,FIVEHANDED
FOREHANDEDLY,FIVEHANDEDLY
FOREHANDEDNESS,FIVEHANDEDNESS
FOREHANDS,FIVEHANDS
FOREHOOF,FIVEHOOF
FOREHOOFS,FIVEHOOFS
FOREHOOVES,FIVEHOOVES
FOREING,FIVEING
FOREING,FIVEING
FOREJUDGE,FIVEJUDGE
FOREJUDGED,FIVEJUDGED
FOREJUDGEMENT,FIVEJUDGEMENT
FOREJUDGEMENT'S,FIVEJUDGEMENT'S
FOREJUDGEMENTS,FIVEJUDGEMENTS
FOREJUDGER,FIVEJUDGER
FOREJUDGER,FIVEJUDGER
FOREJUDGING,FIVEJUDGING
FOREJUDGMENT,FIVEJUDGMENT
FOREJUDGMENT'S,FIVEJUDGMENT'S
FOREJUDGMENTS,FIVEJUDGMENTS
FOREKNEW,FIVEKNEW
FOREKNEW,FIVEKNEW
FOREKNOW,FIVEKNOW
FOREKNOWING,FIVEKNOWING
FOREKNOWINGLY,FIVEKNOWINGLY
FOREKNOWLEDGE,FIVEKNOWLEDGE
FOREKNOWN,FIVEKNOWN
FOREKNOWS,FIVEKNOWS
FORELADIES,FIVELADIES
FORELADY,FIVELADY
FORELAND,FIVELAND
FORELANDS,FIVELANDS
FORELEG,FIVELEG
FORELEGS,FIVELEGS
FORELIMB,FIVELIMB
FORELIMBS,FIVELIMBS
FORELINE,FIVELINE
FORELOCK,FIVELOCK
FORELOCKS,FIVELOCKS
FOREMAN,FIVEMAN
FOREMAN'S,FIVEMAN'S
FOREMANS,FIVEMANS
FOREMANSHIP,FIVEMANSHIP
FOREMAST,FIVEMAST
FOREMAST'S,FIVEMAST'S
FOREMASTS,FIVEMASTS
FOREMEN,FIVEMEN
FOREMEN'S,FIVEMEN'S
FOREMENTION,FIVEMENTION
FOREMENTIONED,FIVEMENTIONED
FOREMOST,FIVEMOST
FOREMOST'S,FIVEMOST'S
FOREMOSTERS,FIVEMOSTERS
FOREMOSTLY,FIVEMOSTLY
FOREMOTHER,FIVEMOTHER
FORENAME,FIVENAME
FORENAMED,FIVENAMED
FORENAMES,FIVENAMES
FORENOON,FIVENOON
FORENOONS,FIVENOONS
FOREORDAIN,FIVEORDAIN
FOREORDAINED,FIVEORDAINED
FOREORDAINING,FIVEORDAINING
FOREORDAINS,FIVEORDAINS
FOREORDINATION,FIVEORDINATION
FOREPART,FIVEPART
FOREPARTS,FIVEPARTS
FOREPAW,FIVEPAW
FOREPAWS,FIVEPAWS
FOREPEAKS,FIVEPEAKS
FOREPLAY,FIVEPLAY
FOREPLAYS,FIVEPLAYS
FOREPLEASURE,FIVEPLEASURE
FOREQUARTER,FIVEQUARTER
FOREQUARTERS,FIVEQUARTERS
FORERAN,FIVERAN
FORERUN,FIVERUN
FORERUNNER,FIVERUNNER
FORERUNNER,FIVERUNNER
FORERUNNERS,FIVERUNNERS
FORERUNNING,FIVERUNNING
FORERUNNINGS,FIVERUNNINGS
FORERUNS,FIVERUNS
FORES,FIVES
FORES,FIVES
FORESAID,FIVESAID
FORESAIL,FIVESAIL
FORESAILS,FIVESAILS
FORESAW,FIVESAW
FORESEE,FIVESEE
FORESEEABILITY,FIVESEEABILITY
FORESEEABLE,FIVESEEABLE
FORESEEABLY,FIVESEEABLY
FORESEEING,FIVESEEING
FORESEEN,FIVESEEN
FORESEER,FIVESEER
FORESEER,FIVESEER
FORESEERS,FIVESEERS
FORESEES,FIVESEES
FORESHADOW,FIVESHADOW
FORESHADOWED,FIVESHADOWED
FORESHADOWER,FIVESHADOWER
FORESHADOWING,FIVESHADOWING
FORESHADOWINGS,FIVESHADOWINGS
FORESHADOWS,FIVESHADOWS
FORESHEET,FIVESHEET
FORESHEETS,FIVESHEETS
FORESHORE,FIVESHORE
FORESHORE,FIVESHORE
FORESHORES,FIVESHORES
FORESHORTEN,FIVESHORTEN
FORESHORTENED,FIVESHORTENED
FORESHORTENING,FIVESHORTENING
FORESHORTENINGS,FIVESHORTENINGS
FORESHORTENS,FIVESHORTENS
FORESHOW,FIVESHOW
FORESHOWED,FIVESHOWED
FORESHOWING,FIVESHOWING
FORESHOWN,FIVESHOWN
FORESHOWS,FIVESHOWS
FORESIDE,FIVESIDE
FORESIDES,FIVESIDES
FORESIGHT,FIVESIGHT
FORESIGHTED,FIVESIGHTED
FORESIGHTEDLY,FIVESIGHTEDLY
FORESIGHTEDNESS,FIVESIGHTEDNESS
FORESIGHTFUL,FIVESIGHTFUL
FORESIGHTLESS,FIVESIGHTLESS
FORESIGHTS,FIVESIGHTS
FORESKIN,FIVESKIN
FORESKINS,FIVESKINS
FORESMAN,FIVESMAN
FORESMAN'S,FIVESMAN'S
FORESPEAK,FIVESPEAK
FORESPECIFIED,FIVESPECIFIED
FORESPEED,FIVESPEED
FORESPRING,FIVESPRING
FORESTALL,FIVESTALL
FORESTALLED,FIVESTALLED
FORESTALLER,FIVESTALLER
FORESTALLING,FIVESTALLING
FORESTALLS,FIVESTALLS
FORESTARLING,FIVESTARLING
FORESTATION,FIVESTATION
FORESTAY,FIVESTAY
FORESTAYS,FIVESTAYS
FORESTEM,FIVESTEM
FORESTICK,FIVESTICK
FORESTINE,FIVESTINE
FORESTON,FIVESTON
FORESWEAR,FIVESWEAR
FORESWEAR,FIVESWEAR
FORESWEARING,FIVESWEARING
FORESWEARS,FIVESWEARS
FORESWORE,FIVESWORE
FORESWORE,FIVESWORE
FORESWORN,FIVESWORN
FORET'S,FIVET'S
FORETASTE,FIVETASTE
FORETASTED,FIVETASTED
FORETASTER,FIVETASTER
FORETASTER,FIVETASTER
FORETASTES,FIVETASTES
FORETASTING,FIVETASTING
FORETELL,FIVETELL
FORETELLABLE,FIVETELLABLE
FORETELLER,FIVETELLER
FORETELLERS,FIVETELLERS
FORETELLING,FIVETELLING
FORETELLS,FIVETELLS
FORETHOUGHT,FIVETHOUGHT
FORETHOUGHT'S,FIVETHOUGHT'S
FORETHOUGHTED,FIVETHOUGHTED
FORETHOUGHTFUL,FIVETHOUGHTFUL
FORETHOUGHTFULLY,FIVETHOUGHTFULLY
FORETHOUGHTFULNESS,FIVETHOUGHTFULNESS
FORETHOUGHTS,FIVETHOUGHTS
FORETIME,FIVETIME
FORETIMED,FIVETIMED
FORETIMES,FIVETIMES
FORETOKEN,FIVETOKEN
FORETOKENED,FIVETOKENED
FORETOKENING,FIVETOKENING
FORETOKENS,FIVETOKENS
FORETOLD,FIVETOLD
FORETOP,FIVETOP
FORETOPS,FIVETOPS
FOREVILLE,FIVEVILLE
FOREWARDED,FIVEWARDED
FOREWARM,FIVEWARM
FOREWARMER,FIVEWARMER
FOREWARN,FIVEWARN
FOREWARN'S,FIVEWARN'S
FOREWARND,FIVEWARND
FOREWARNED,FIVEWARNED
FOREWARNER,FIVEWARNER
FOREWARNER,FIVEWARNER
FOREWARNING,FIVEWARNING
FOREWARNINGLY,FIVEWARNINGLY
FOREWARNINGS,FIVEWARNINGS
FOREWARNS,FIVEWARNS
FOREWENT,FIVEWENT
FOREWING,FIVEWING
FOREWINGS,FIVEWINGS
FOREWOMAN,FIVEWOMAN
FOREWOMAN,FIVEWOMAN
FOREWOMEN,FIVEWOMEN
FOREWORD,FIVEWORD
FOREWORDS,FIVEWORDS
FOREWORK,FIVEWORK
FOREWORKERS,FIVEWORKERS
FOREWORKS,FIVEWORKS
FOREWORN,FIVEWORN
FOREYARD,FIVEYARD
FORFAR,FIVEFAR
FORFAR,FIVEFAR
FORFARS,FIVEFARS
FORFARS,FIVEFARS
FORFEIT,FIVEFEIT
FORFEITED,FIVEFEITED
FORFEITER,FIVEFEITER
FORFEITERS,FIVEFEITERS
FORFEITING,FIVEFEITING
FORFEITS,FIVEFEITS
FORFEITURE,FIVEFEITURE
FORFEITURE,FIVEFEITURE
FORFEITURES,FIVEFEITURES
FORFEITURES,FIVEFEITURES
FORFEND,FIVEFEND
FORFENDED,FIVEFENDED
FORFENDING,FIVEFENDING
FORFENDS,FIVEFENDS
FORGAT,FIVEGAT
FORGATHER,FIVEGATHER
FORGATHER,FIVEGATHER
FORGATHERED,FIVEGATHERED
FORGATHERING,FIVEGATHERING
FORGATHERS,FIVEGATHERS
FORGE,FIVEGE
FORGE'S,FIVEGE'S
FORGED,FIVEGED
FORGER,FIVEGER
FORGER,FIVEGER
FORGER'S,FIVEGER'S
FORGER'S,FIVEGER'S
FORGERIES,FIVEGERIES
FORGERS,FIVEGERS
FORGERS',FIVEGERS'
FORGERY,FIVEGERY
FORGERY'S,FIVEGERY'S
FORGES,FIVEGES
FORGETABLE,FIVEGETABLE
FORGING,FIVEGING
FORGINGS,FIVEGINGS
FORGO,FIVEGO
FORGOER,FIVEGOER
FORGOER,FIVEGOER
FORGOERS,FIVEGOERS
FORGOERS,FIVEGOERS
FORGOES,FIVEGOES
FORGOING,FIVEGOING
FORGONE,FIVEGONE
FORGOS,FIVEGOS
FORING,FIVEING
FORING,FIVEING
FORK,FIVEK
FORK'S,FIVEK'S
FORKED,FIVEKED
FORKER,FIVEKER
FORKER,FIVEKER
FORKERS,FIVEKERS
FORKERS,FIVEKERS
FORKING,FIVEKING
FORKINGS,FIVEKINGS
FORKLAND,FIVEKLAND
FORKLESS,FIVEKLESS
FORKLIFT,FIVEKLIFT
FORKLIFT'S,FIVEKLIFT'S
FORKLIFTED,FIVEKLIFTED
FORKLIFTS,FIVEKLIFTS
FORKLIKE,FIVEKLIKE
FORKMAN,FIVEKMAN
FORKS,FIVEKS
FORKS'S,FIVEKS'S
FORKSVILLE,FIVEKSVILLE
FORKY,FIVEKY
FORLEY,FIVELEY
FORLI,FIVELI
FORM,FIVEM
FORM'S,FIVEM'S
FORMA,FIVEMA
FORMA'S,FIVEMA'S
FORMABILITY,FIVEMABILITY
FORMABLE,FIVEMABLE
FORMABLY,FIVEMABLY
FORMAL,FIVEMAL
FORMALDEHYDE,FIVEMALDEHYDE
FORMALDEHYDED,FIVEMALDEHYDED
FORMALIN,FIVEMALIN
FORMALINS,FIVEMALINS
FORMALISABLE,FIVEMALISABLE
FORMALISATION,FIVEMALISATION
FORMALISATIONS,FIVEMALISATIONS
FORMALISED,FIVEMALISED
FORMALISER,FIVEMALISER
FORMALISERS,FIVEMALISERS
FORMALISES,FIVEMALISES
FORMALISM,FIVEMALISM
FORMALISM'S,FIVEMALISM'S
FORMALISMS,FIVEMALISMS
FORMALIST,FIVEMALIST
FORMALIST'S,FIVEMALIST'S
FORMALISTIC,FIVEMALISTIC
FORMALISTICALLY,FIVEMALISTICALLY
FORMALISTS,FIVEMALISTS
FORMALISTS',FIVEMALISTS'
FORMALITIES,FIVEMALITIES
FORMALITY,FIVEMALITY
FORMALIZABLE,FIVEMALIZABLE
FORMALIZATION,FIVEMALIZATION
FORMALIZATIONS,FIVEMALIZATIONS
FORMALIZE,FIVEMALIZE
FORMALIZED,FIVEMALIZED
FORMALIZER,FIVEMALIZER
FORMALIZER,FIVEMALIZER
FORMALIZERS,FIVEMALIZERS
FORMALIZES,FIVEMALIZES
FORMALIZING,FIVEMALIZING
FORMALLY,FIVEMALLY
FORMALS,FIVEMALS
FORMAMINT,FIVEMAMINT
FORMAN'S,FIVEMAN'S
FORMANCE,FIVEMANCE
FORMANCES,FIVEMANCES
FORMANN,FIVEMANN
FORMANOV,FIVEMANOV
FORMANT,FIVEMANT
FORMANTS,FIVEMANTS
FORMAR,FIVEMAR
FORMAR,FIVEMAR
FORMAS,FIVEMAS
FORMAT,FIVEMAT
FORMAT'S,FIVEMAT'S
FORMATED,FIVEMATED
FORMATES,FIVEMATES
FORMATING,FIVEMATING
FORMATION,FIVEMATION
FORMATION'S,FIVEMATION'S
FORMATIONAL,FIVEMATIONAL
FORMATIONS,FIVEMATIONS
FORMATIONS',FIVEMATIONS'
FORMATIVE,FIVEMATIVE
FORMATIVELY,FIVEMATIVELY
FORMATIVENESS,FIVEMATIVENESS
FORMATIVES,FIVEMATIVES
FORMATO'S,FIVEMATO'S
FORMATOR,FIVEMATOR
FORMATS,FIVEMATS
FORMBY,FIVEMBY
FORMBY'S,FIVEMBY'S
FORME,FIVEME
FORMED,FIVEMED
FORMELLER,FIVEMELLER
FORMENOS,FIVEMENOS
FORMER,FIVEMER
FORMER,FIVEMER
FORMER'S,FIVEMER'S
FORMER'S,FIVEMER'S
FORMERLEY,FIVEMERLEY
FORMERLY,FIVEMERLY
FORMERS,FIVEMERS
FORMERS,FIVEMERS
FORMES,FIVEMES
FORMFEED,FIVEMFEED
FORMFEEDS,FIVEMFEEDS
FORMFITTING,FIVEMFITTING
FORMIC,FIVEMIC
FORMICA,FIVEMICA
FORMICA'S,FIVEMICA'S
FORMID,FIVEMID
FORMIDABILITY,FIVEMIDABILITY
FORMIDABLE,FIVEMIDABLE
FORMIDABLE'S,FIVEMIDABLE'S
FORMIDABLENESS,FIVEMIDABLENESS
FORMIDABLES,FIVEMIDABLES
FORMIDABLY,FIVEMIDABLY
FORMING,FIVEMING
FORMINGS,FIVEMINGS
FORMIS,FIVEMIS
FORMLESS,FIVEMLESS
FORMLESSLY,FIVEMLESSLY
FORMLESSNESS,FIVEMLESSNESS
FORMOSA,FIVEMOSA
FORMOSA'S,FIVEMOSA'S
FORMOSAN,FIVEMOSAN
FORMOSANS,FIVEMOSANS
FORMOSE,FIVEMOSE
FORMS,FIVEMS
FORMULA,FIVEMULA
FORMULA'S,FIVEMULA'S
FORMULABLE,FIVEMULABLE
FORMULAE,FIVEMULAE
FORMULAR,FIVEMULAR
FORMULAR,FIVEMULAR
FORMULARIES,FIVEMULARIES
FORMULARISATION,FIVEMULARISATION
FORMULARISATIONS,FIVEMULARISATIONS
FORMULARISE,FIVEMULARISE
FORMULARISED,FIVEMULARISED
FORMULARISER,FIVEMULARISER
FORMULARISES,FIVEMULARISES
FORMULARISING,FIVEMULARISING
FORMULARISM,FIVEMULARISM
FORMULARIST,FIVEMULARIST
FORMULARISTIC,FIVEMULARISTIC
FORMULARIZATION,FIVEMULARIZATION
FORMULARIZATIONS,FIVEMULARIZATIONS
FORMULARIZE,FIVEMULARIZE
FORMULARIZED,FIVEMULARIZED
FORMULARIZER,FIVEMULARIZER
FORMULARIZES,FIVEMULARIZES
FORMULARIZING,FIVEMULARIZING
FORMULARY,FIVEMULARY
FORMULAS,FIVEMULAS
FORMULATABLE,FIVEMULATABLE
FORMULATE,FIVEMULATE
FORMULATED,FIVEMULATED
FORMULATES,FIVEMULATES
FORMULATING,FIVEMULATING
FORMULATION,FIVEMULATION
FORMULATIONS,FIVEMULATIONS
FORMULATIVE,FIVEMULATIVE
FORMULATOR,FIVEMULATOR
FORMULATOR'S,FIVEMULATOR'S
FORMULATORS,FIVEMULATORS
FORMULATORY,FIVEMULATORY
FORNET,FIVENET
FORNIA,FIVENIA
FORNIA'S,FIVENIA'S
FORNICAL,FIVENICAL
FORNICATE,FIVENICATE
FORNICATED,FIVENICATED
FORNICATES,FIVENICATES
FORNICATING,FIVENICATING
FORNICATION,FIVENICATION
FORNICATIONS,FIVENICATIONS
FORNICATIVE,FIVENICATIVE
FORNICATOR,FIVENICATOR
FORNICATORES,FIVENICATORES
FORNICATORS,FIVENICATORS
FORSOOTH,FIVESOOTH
FORSWEAR,FIVESWEAR
FORSWEAR,FIVESWEAR
FORSWEARER,FIVESWEARER
FORSWEARER,FIVESWEARER
FORSWEARER,FIVESWEARER
FORSWEARER,FIVESWEARER
FORSWEARING,FIVESWEARING
FORSWEARS,FIVESWEARS
FORSWORE,FIVESWORE
FORSWORE,FIVESWORE
FORSWORN,FIVESWORN
FORSYTH,FIVESYTH
FORSYTH'S,FIVESYTH'S
FORSYTHE'S,FIVESYTHE'S
FORSYTHER,FIVESYTHER
FORSYTHER,FIVESYTHER
FORSYTHES,FIVESYTHES
FORSYTHIA,FIVESYTHIA
FORSYTHIA'S,FIVESYTHIA'S
FORSYTHIAS,FIVESYTHIAS
FORT,FIVET
FORT'S,FIVET'S
FORTALEZA,FIVETALEZA
FORTALICE,FIVETALICE
FORTANT,FIVETANT
FORTAS,FIVETAS
FORTAS'S,FIVETAS'S
FORTE,FIVETE
FORTE'S,FIVETE'S
FORTER,FIVETER
FORTER,FIVETER
FORTER,FIVETER
FORTER,FIVETER
FORTES,FIVETES
FORTEX,FIVETEX
FORTEX'S,FIVETEX'S
FORTH,FIVETH
FORTH'S,FIVETH'S
FORTHCOMER,FIVETHCOMER
FORTHCOMING,FIVETHCOMING
FORTHED,FIVETHED
FORTHING,FIVETHING
FORTHRIGHT,FIVETHRIGHT
FORTHRIGHT'S,FIVETHRIGHT'S
FORTHRIGHTLY,FIVETHRIGHTLY
FORTHRIGHTNESS,FIVETHRIGHTNESS
FORTHRIGHTS,FIVETHRIGHTS
FORTHRIVER,FIVETHRIVER
FORTHS,FIVETHS
FORTHWITH,FIVETHWITH
FORTHWITHS,FIVETHWITHS
FORTI'S,FIVETI'S
FORTICAL,FIVETICAL
FORTICATION,FIVETICATION
FORTICATIONS,FIVETICATIONS
FORTICH,FIVETICH
FORTIES,FIVETIES
FORTIETH,FIVETIETH
FORTIETHS,FIVETIETHS
FORTIFIABLE,FIVETIFIABLE
FORTIFIANCE,FIVETIFIANCE
FORTIFICANTES,FIVETIFICANTES
FORTIFICATION,FIVETIFICATION
FORTIFICATION'S,FIVETIFICATION'S
FORTIFICATIONS,FIVETIFICATIONS
FORTIFIED,FIVETIFIED
FORTIFIER,FIVETIFIER
FORTIFIERS,FIVETIFIERS
FORTIFIES,FIVETIFIES
FORTIFY,FIVETIFY
FORTIFYING,FIVETIFYING
FORTIFYINGLY,FIVETIFYINGLY
FORTIFYS,FIVETIFYS
FORTIORI,FIVETIORI
FORTIS,FIVETIS
FORTIS'S,FIVETIS'S
FORTISSIMO,FIVETISSIMO
FORTISSIMOS,FIVETISSIMOS
FORTITUDE,FIVETITUDE
FORTITUDE'S,FIVETITUDE'S
FORTITUDES,FIVETITUDES
FORTITUDINOUS,FIVETITUDINOUS
FORTITUDO,FIVETITUDO
FORTMAN,FIVETMAN
FORTMANN,FIVETMANN
FORTMILL,FIVETMILL
FORTMILLER,FIVETMILLER
FORTNER,FIVETNER
FORTNER'S,FIVETNER'S
FORTNIGHT,FIVETNIGHT
FORTNIGHT'S,FIVETNIGHT'S
FORTNIGHTER,FIVETNIGHTER
FORTNIGHTER,FIVETNIGHTER
FORTNIGHTLY,FIVETNIGHTLY
FORTNIGHTS,FIVETNIGHTS
FORTRAIT,FIVETRAIT
FORTRAN,FIVETRAN
FORTRAN'S,FIVETRAN'S
FORTRESS,FIVETRESS
FORTRESS'S,FIVETRESS'S
FORTRESSED,FIVETRESSED
FORTRESSES,FIVETRESSES
FORTRESSING,FIVETRESSING
FORTS,FIVETS
FORTSON,FIVETSON
FORTUIT,FIVETUIT
FORTUITIES,FIVETUITIES
FORTUITISM,FIVETUITISM
FORTUITIST,FIVETUITIST
FORTUITIVELY,FIVETUITIVELY
FORTUITOUS,FIVETUITOUS
FORTUITOUSLY,FIVETUITOUSLY
FORTUITOUSNESS,FIVETUITOUSNESS
FORTUITY,FIVETUITY
FORTUNATE,FIVETUNATE
FORTUNATELY,FIVETUNATELY
FORTUNATENESS,FIVETUNATENESS
FORTUNATES,FIVETUNATES
FORTUNE,FIVETUNE
FORTUNE'S,FIVETUNE'S
FORTUNED,FIVETUNED
FORTUNES,FIVETUNES
FORTUNETELLER,FIVETUNETELLER
FORTUNETELLERS,FIVETUNETELLERS
FORTUNETELLING,FIVETUNETELLING
FORTY,FIVETY
FORTY'S,FIVETY'S
FORTYFIVE,FIVETYFIVE
FORTYFIVES,FIVETYFIVES
FORTYFOLD,FIVETYFOLD
FORTYISH,FIVETYISH
FORT_LAUDERDALE,FIVET_LAUDERDALE
FORT_WILLIAM,FIVET_WILLIAM
FORT_WORTH,FIVET_WORTH
FORUM,FIVEUM
FORUM'S,FIVEUM'S
FORUMS,FIVEUMS
FORWARD,FIVEWARD
FORWARD'S,FIVEWARD'S
FORWARDED,FIVEWARDED
FORWARDER,FIVEWARDER
FORWARDER'S,FIVEWARDER'S
FORWARDERS,FIVEWARDERS
FORWARDEST,FIVEWARDEST
FORWARDING,FIVEWARDING
FORWARDLY,FIVEWARDLY
FORWARDNESS,FIVEWARDNESS
FORWARDS,FIVEWARDS
FORWARDS',FIVEWARDS'
FORWARDSEARCH,FIVEWARDSEARCH
FORWARDSING,FIVEWARDSING
FORWENT,FIVEWENT
FOUGHT,FOUGHT
FOUR,FIVE
FOUR,FIVE
FOUR'S,FIVE'S
FOUR'S,FIVE'S
FOUR-IN-HAND,FIVE-IN-HAND
FOUR-IN-HANDS,FIVE-IN-HANDS
FOUR-PART,FIVE-PART
FOUR-PLY,FIVE-PLY
FOUR-POSTER,FIVE-POSTER
FOUR-POSTER,FIVE-POSTER
FOUR-POSTERS,FIVE-POSTERS
FOUR-POUNDER,FIVE-POUNDER
FOUR-POUNDER,FIVE-POUNDER
FOUR-POUNDERS,FIVE-POUNDERS
FOUR-WHEELER,FIVE-WHEELER
FOUR-WHEELER,FIVE-WHEELER
FOUR-WHEELERS,FIVE-WHEELERS
FOURED,FIVEED
FOURED,FIVEED
FOURES,FIVEES
FOURES,FIVEES
FOURFLUSHER,FIVEFLUSHER
FOURFLUSHERS,FIVEFLUSHERS
FOURFOLD,FIVEFOLD
FOURFOLDNESS,FIVEFOLDNESS
FOURGRAM,FIVEGRAM
FOURISH,FIVEISH
FOURMAN,FIVEMAN
FOURNET,FIVENET
FOURPENCE,FIVEPENCE
FOURPENCES,FIVEPENCES
FOURPENNY,FIVEPENNY
FOURPOSTER,FIVEPOSTER
FOURPOSTERS,FIVEPOSTERS
FOURS,FIVES
FOURSCORE,FIVESCORE
FOURSCORE,FIVESCORE
FOURSOME,FIVESOME
FOURSOME'S,FIVESOME'S
FOURSOMES,FIVESOMES
FOURSQUARE,FIVESQUARE
FOURSQUARE,FIVESQUARE
FOURSQUARELY,FIVESQUARELY
FOURSQUARENESS,FIVESQUARENESS
FOURTEEN,FIVETEEN
FOURTEEN'S,FIVETEEN'S
FOURTEENS,FIVETEENS
FOURTEENTH,FIVETEENTH
FOURTEENTH'S,FIVETEENTH'S
FOURTEENTHS,FIVETEENTHS
FOURTH,FIVETH
FOURTH'S,FIVETH'S
FOURTHLY,FIVETHLY
FOURTHQUARTER,FIVETHQUARTER
FOURTHS,FIVETHS
FRANKFORD,FRANKFIVED
FRANKFORD'S,FRANKFIVED'S
FRANKFORT,FRANKFIVET
FRANKFORT'S,FRANKFIVET'S
FRANKFORTER,FRANKFIVETER
FRANKFORTER,FRANKFIVETER
FREEFALL,FREEFALL
FREEFALLING,FREEFALLING
FREEFALLS,FREEFALLS
FREEFORM,FREEFIVEM
FRUCTIFORM,FRUCTIFIVEM
FUNGIFORM,FUNGIFIVEM
FUNIFORM,FUNIFIVEM
GALFORD,GALFIVED
GELATINIFORM,GELATINIFIVEM
GEMINIFORM,GEMINIFIVEM
GEMMIFORM,GEMMIFIVEM
GERFALCON,GERFALCON
GILDFORD,GILDFIVED
GLASSFORD,GLASSFIVED
GLASSFORD'S,GLASSFIVED'S
GLENFORD,GLENFIVED
GRAMINIFORM,GRAMINIFIVEM
GRANDFALLS,GRANDFALLS
GRANDFORD,GRANDFIVED
GRANIFORM,GRANIFIVEM
GRANIFORME,GRANIFIVEME
GUFFAW,GUFFAW
GUFFAWED,GUFFAWED
GUFFAWING,GUFFAWING
GUFFAWS,GUFFAWS
HACKFORD,HACKFIVED
HACKFORD'S,HACKFIVED'S
HALFORD,HALFIVED
HALFORD'S,HALFIVED'S
HALFORDS,HALFIVEDS
HALLFORD,HALLFIVED
HANDFORD,HANDFIVED
HANDFORD'S,HANDFIVED'S
HANDFORK,HANDFIVEK
HANDFORM,HANDFIVEM
HANNAFORD,HANNAFIVED
HANNAFORD'S,HANNAFIVED'S
HAREFORD,HAREFIVED
HARTFORD,HARTFIVED
HARTFORD'S,HARTFIVED'S
HARTFORDS,HARTFIVEDS
HARTFORT,HARTFIVET
HAY-FORK,HAY-FIVEK
HAY-FORKS,HAY-FIVEKS
HAYFORD,HAYFIVED
HAYFORK,HAYFIVEK
HAYFORK'S,HAYFIVEK'S
HAYFORKS,HAYFIVEKS
HEADFOREMOST,HEADFIVEMOST
HENCEFORTH,HENCEFIVETH
HENCEFORWARD,HENCEFIVEWARD
HENCEFORWARDS,HENCEFIVEWARDS
HEREINBEFORE,HEREINBEFIVE
HEREINBEFORE,HEREINBEFIVE
HERETOFORE,HERETOFIVE
HERETOFORE,HERETOFIVE
HERETOFORES,HERETOFIVES
HERETOFORES,HERETOFIVES
HERFORD,HERFIVED
HERFORD'S,HERFIVED'S
HIGHLANDFALLS,HIGHLANDFALLS
HORSFALL,HORSFALL
HORSFALL'S,HORSFALL'S
HUNGERFORD,HUNGERFIVED
HUNGERFORD'S,HUNGERFIVED'S
HUNGERFORDS,HUNGERFIVEDS
HUNSFORD,HUNSFIVED
HYDROFORMER,HYDROFIVEMER
HYDROFORMING,HYDROFIVEMING
HYPERCONFORMIST,HYPERCONFIVEMIST
HYPERCONFORMITY,HYPERCONFIVEMITY
ICEFALL,ICEFALL
ICEFALLS,ICEFALLS
IGNIFORM,IGNIFIVEM
INCONFORMITY,INCONFIVEMITY
INFORCE,INFIVECE
INFORCED,INFIVECED
INFORCEMENT,INFIVECEMENT
INFORCEMENTS,INFIVECEMENTS
INFORCER,INFIVECER
INFORCES,INFIVECES
INFORCING,INFIVECING
INFORE,INFIVE
INFORM,INFIVEM
INFORM'S,INFIVEM'S
INFORMA,INFIVEMA
INFORMABLE,INFIVEMABLE
INFORMAED,INFIVEMAED
INFORMAL,INFIVEMAL
INFORMALISATION,INFIVEMALISATION
INFORMALISES,INFIVEMALISES
INFORMALISM,INFIVEMALISM
INFORMALITIES,INFIVEMALITIES
INFORMALITY,INFIVEMALITY
INFORMALIZE,INFIVEMALIZE
INFORMALIZES,INFIVEMALIZES
INFORMALLY,INFIVEMALLY
INFORMALS,INFIVEMALS
INFORMANCE,INFIVEMANCE
INFORMANCES,INFIVEMANCES
INFORMANT,INFIVEMANT
INFORMANT'S,INFIVEMANT'S
INFORMANTS,INFIVEMANTS
INFORMANTS',INFIVEMANTS'
INFORMAT,INFIVEMAT
INFORMATED,INFIVEMATED
INFORMATIC,INFIVEMATIC
INFORMATICA,INFIVEMATICA
INFORMATICA'S,INFIVEMATICA'S
INFORMATICS,INFIVEMATICS
INFORMATIONISATION,INFIVEMATIONISATION
INFORMATISATION,INFIVEMATISATION
INFORMATIVE,INFIVEMATIVE
INFORMATIVELY,INFIVEMATIVELY
INFORMATIVENESS,INFIVEMATIVENESS
INFORMATIVITY,INFIVEMATIVITY
INFORMATIZATION,INFIVEMATIZATION
INFORMATON,INFIVEMATON
INFORMATORY,INFIVEMATORY
INFORMATS,INFIVEMATS
INFORMD,INFIVEMD
INFORME,INFIVEME
INFORMED,INFIVEMED
INFORMER,INFIVEMER
INFORMER,INFIVEMER
INFORMER'S,INFIVEMER'S
INFORMER'S,INFIVEMER'S
INFORMERS,INFIVEMERS
INFORMIDABLE,INFIVEMIDABLE
INFORMING,INFIVEMING
INFORMINGLY,INFIVEMINGLY
INFORMITY,INFIVEMITY
INFORMS,INFIVEMS
INFORTUNATE,INFIVETUNATE
INFORTUNATELY,INFIVETUNATELY
INFORTUNE,INFIVETUNE
INTERFORCE,INTERFIVECE
INTERFORMA,INTERFIVEMA
INTERTRANSFORMABILITY,INTERTRANSFIVEMABILITY
INTERTRANSFORMABLE,INTERTRANSFIVEMABLE
INTRANSFORMABLE,INTRANSFIVEMABLE
IODOFORM,IODOFIVEM
IODOFORMS,IODOFIVEMS
IRREFORMABILITY,IRREFIVEMABILITY
IRREFORMABLE,IRREFIVEMABLE
ISLANDFALLS,ISLANDFALLS
JANIFORM,JANIFIVEM
KENFORD,KENFIVED
KINGFORD,KINGFIVED
KINGSFORD,KINGSFIVED
LACKFORD,LACKFIVED
LACTIFORM,LACTIFIVEM
LANCIFORM,LANCIFIVEM
LANCIFORMIS,LANCIFIVEMIS
LANDFALL,LANDFALL
LANDFALLS,LANDFALLS
LANDFORD,LANDFIVED
LANDFORM,LANDFIVEM
LANDFORMS,LANDFIVEMS
LANGFORD,LANGFIVED
LANGFORD'S,LANGFIVED'S
LANIFORM,LANIFIVEM
LANKFORD,LANKFIVED
LANKFORD'S,LANKFIVED'S
LANKFORDS,LANKFIVEDS
LANSFORD,LANSFIVED
LANSFORD'S,LANSFIVED'S
LANSFORDS,LANSFIVEDS
LATCHFORD,LATCHFIVED
LATCHFORD'S,LATCHFIVED'S
LATINIFORM,LATINIFIVEM
LAWFORD,LAWFIVED
LAWFORD'S,LAWFIVED'S
LAWFORDS,LAWFIVEDS
LEAFORD,LEAFIVED
LEDFORD,LEDFIVED
LEDFORD'S,LEDFIVED'S
LEGUMINIFORM,LEGUMINIFIVEM
LENTIFORM,LENTIFIVEM
LIFORD,LIFIVED
LIGHTFALL,LIGHTFALL
LIGNIFORM,LIGNIFIVEM
LIPFORD,LIPFIVED
LIPFORD'S,LIPFIVED'S
LITTLEFORD,LITTLEFIVED
LUCIFORM,LUCIFIVEM
LYRIFORM,LYRIFIVEM
MACFALL,MACFALL
MAIDENFORM,MAIDENFIVEM
MAIDENFORM'S,MAIDENFIVEM'S
MALFORD,MALFIVED
MALFORMATION,MALFIVEMATION
MALFORMATIONS,MALFIVEMATIONS
MALFORMED,MALFIVEMED
MALFORMITY,MALFIVEMITY
MANIFORM,MANIFIVEM
MANSFORD,MANSFIVED
MAXFORCE,MAXFIVECE
MAXFORD,MAXFIVED
MEDFORD,MEDFIVED
MEDFORD'S,MEDFIVED'S
MENTIFORM,MENTIFIVEM
MISFORM,MISFIVEM
MISFORMED,MISFIVEMED
MISFORMULATED,MISFIVEMULATED
MISFORTUNATE,MISFIVETUNATE
MISFORTUNATELY,MISFIVETUNATELY
MISFORTUNATES,MISFIVETUNATES
MISFORTUNE,MISFIVETUNE
MISFORTUNE'S,MISFIVETUNE'S
MISFORTUNED,MISFIVETUNED
MISFORTUNER,MISFIVETUNER
MISFORTUNER,MISFIVETUNER
MISFORTUNES,MISFIVETUNES
MISINFORM,MISINFIVEM
MISINFORMANT,MISINFIVEMANT
MISINFORMANTS,MISINFIVEMANTS
MISINFORMATIVE,MISINFIVEMATIVE
MISINFORMATON,MISINFIVEMATON
MISINFORMED,MISINFIVEMED
MISINFORMER,MISINFIVEMER
MISINFORMER,MISINFIVEMER
MISINFORMING,MISINFIVEMING
MISINFORMS,MISINFIVEMS
MISTFALL,MISTFALL
MITRIFORM,MITRIFIVEM
MONTEFORTE,MONTEFIVETE
MONTIFORM,MONTIFIVEM
MOUNTFORD,MOUNTFIVED
MOUNTFORD'S,MOUNTFIVED'S
MOUNTFORDS,MOUNTFIVEDS
MOUNTFORT,MOUNTFIVET
MOUNTFORT'S,MOUNTFIVET'S
MUCIFORM,MUCIFIVEM
MUGFORD,MUGFIVED
MULTIFORM,MULTIFIVEM
MULTIFORMAT,MULTIFIVEMAT
MULTIFORMATTED,MULTIFIVEMATTED
MULTIFORME,MULTIFIVEME
MULTIFORMED,MULTIFIVEMED
MULTIFORMIS,MULTIFIVEMIS
MULTIFORMITY,MULTIFIVEMITY
MUMFORD,MUMFIVED
MUMFORD'S,MUMFIVED'S
MUMFORDS,MUMFIVEDS
MUMMIFORM,MUMMIFIVEM
MUMMIFORMS,MUMMIFIVEMS
MUNDIFORD,MUNDIFIVED
NATIFORM,NATIFIVEM
NEWHARTFORD,NEWHARTFIVED
NIGHTFALL,NIGHTFALL
NIGHTFALLS,NIGHTFALLS
NON-UNIFORM,NON-UNIFIVEM
NON-UNIFORMLY,NON-UNIFIVEMLY
NONCONFORM,NONCONFIVEM
NONCONFORMABLE,NONCONFIVEMABLE
NONCONFORMABLY,NONCONFIVEMABLY
NONCONFORMANCE,NONCONFIVEMANCE
NONCONFORMANCES,NONCONFIVEMANCES
NONCONFORMER,NONCONFIVEMER
NONCONFORMING,NONCONFIVEMING
NONCONFORMISM,NONCONFIVEMISM
NONCONFORMIST,NONCONFIVEMIST
NONCONFORMIST'S,NONCONFIVEMIST'S
NONCONFORMISTICAL,NONCONFIVEMISTICAL
NONCONFORMISTICALLY,NONCONFIVEMISTICALLY
NONCONFORMISTS,NONCONFIVEMISTS
NONCONFORMISTS',NONCONFIVEMISTS'
NONCONFORMITIES,NONCONFIVEMITIES
NONCONFORMITY,NONCONFIVEMITY
NONCONFORMITY'S,NONCONFIVEMITY'S
NONDEFAULTING,NONDEFAULTING
NONDEFORMING,NONDEFIVEMING
NONENFORCEABILITY,NONENFIVECEABILITY
NONENFORCEABLE,NONENFIVECEABLE
NONENFORCEMENT,NONENFIVECEMENT
NONFORFEITURE,NONFIVEFEITURE
NONFORFEITURES,NONFIVEFEITURES
NONFORMATION,NONFIVEMATION
NONINFORMATIVE,NONINFIVEMATIVE
NONINFORMATIVELY,NONINFIVEMATIVELY
NONINFORMED,NONINFIVEMED
NONPERFORMANCE,NONPERFIVEMANCE
NONPERFORMER,NONPERFIVEMER
NONPERFORMER'S,NONPERFIVEMER'S
NONPERFORMERS,NONPERFIVEMERS
NONPERFORMING,NONPERFIVEMING
NONPERFORMINGS,NONPERFIVEMINGS
NONPREFORMED,NONPREFIVEMED
NONREFORMULATED,NONREFIVEMULATED
NONREINFORCEMENT,NONREINFIVECEMENT
NONUNIFORM,NONUNIFIVEM
NONUNIFORMED,NONUNIFIVEMED
NONUNIFORMIST,NONUNIFIVEMIST
NONUNIFORMITIES,NONUNIFIVEMITIES
NONUNIFORMITY,NONUNIFIVEMITY
NONUNIFORMLY,NONUNIFIVEMLY
NORFORD,NORFIVED
NUBIFORM,NUBIFIVEM
OCELLIFORM,OCELLIFIVEM
OMNIFORM,OMNIFIVEM
OMNIFORMAL,OMNIFIVEMAL
OMNIFORMITY,OMNIFIVEMITY
ORDER-FORM,ORDER-FIVEM
ORDER-FORMS,ORDER-FIVEMS
ORIFORM,ORIFIVEM
OUTFALL,OUTFALL
OUTFALLS,OUTFALLS
OUTFORM,OUTFIVEM
OUTFOUGHT,OUTFOUGHT
OUTPERFORM,OUTPERFIVEM
OUTPERFORMANCE,OUTPERFIVEMANCE
OUTPERFORMED,OUTPERFIVEMED
OUTPERFORMER,OUTPERFIVEMER
OUTPERFORMERS,OUTPERFIVEMERS
OUTPERFORMING,OUTPERFIVEMING
OUTPERFORMS,OUTPERFIVEMS
OVERINFORMATIVE,OVERINFIVEMATIVE
OVERPERFORMED,OVERPERFIVEMED
OVIFORM,OVIFIVEM
OVIFORME,OVIFIVEME
OVIFORMIS,OVIFIVEMIS
PECTINIFORM,PECTINIFIVEM
PELTIFORM,PELTIFIVEM
PENFORD,PENFIVED
PENNIFORM,PENNIFIVEM
PERCIFORM,PERCIFIVEM
PERCIFORMES,PERCIFIVEMES
PERFORCE,PERFIVECE
PERFORM,PERFIVEM
PERFORM'S,PERFIVEM'S
PERFORMA,PERFIVEMA
PERFORMABILITY,PERFIVEMABILITY
PERFORMABLE,PERFIVEMABLE
PERFORMAN,PERFIVEMAN
PERFORMANCE,PERFIVEMANCE
PERFORMANCE'S,PERFIVEMANCE'S
PERFORMANCED,PERFIVEMANCED
PERFORMANCES,PERFIVEMANCES
PERFORMAND,PERFIVEMAND
PERFORMANT,PERFIVEMANT
PERFORMAS,PERFIVEMAS
PERFORMATIVE,PERFIVEMATIVE
PERFORMATIVES,PERFIVEMATIVES
PERFORMATIVITY,PERFIVEMATIVITY
PERFORMATORY,PERFIVEMATORY
PERFORME,PERFIVEME
PERFORMED,PERFIVEMED
PERFORMER,PERFIVEMER
PERFORMER,PERFIVEMER
PERFORMER'S,PERFIVEMER'S
PERFORMER'S,PERFIVEMER'S
PERFORMERS,PERFIVEMERS
PERFORMING,PERFIVEMING
PERFORMINGS,PERFIVEMINGS
PERFORMS,PERFIVEMS
PIANOFORTE,PIANOFIVETE
PIANOFORTE'S,PIANOFIVETE'S
PIANOFORTES,PIANOFIVETES
PICKFORD,PICKFIVED
PICKFORD'S,PICKFIVED'S
PICKFORDS,PICKFIVEDS
PIGFORD,PIGFIVED
PIGFORD'S,PIGFIVED'S
PINAFORE,PINAFIVE
PINAFORE,PINAFIVE
PINAFORED,PINAFIVED
PINAFORED,PINAFIVED
PINAFORES,PINAFIVES
PINBEFORE,PINBEFIVE
PINEFORD,PINEFIVED
PITCHFORD,PITCHFIVED
PITCHFORK,PITCHFIVEK
PITCHFORKED,PITCHFIVEKED
PITCHFORKING,PITCHFIVEKING
PITCHFORKS,PITCHFIVEKS
PITFALL,PITFALL
PITFALL'S,PITFALL'S
PITFALLS,PITFALLS
PITTSFORD,PITTSFIVED
PLACENTIFORM,PLACENTIFIVEM
PLANIFORM,PLANIFIVEM
PLASTIFORM,PLASTIFIVEM
PLATFORM,PLATFIVEM
PLATFORM'S,PLATFIVEM'S
PLATFORMALLY,PLATFIVEMALLY
PLATFORMED,PLATFIVEMED
PLATFORMER,PLATFIVEMER
PLATFORMER,PLATFIVEMER
PLATFORMING,PLATFIVEMING
PLATFORMIST,PLATFIVEMIST
PLATFORMISTIC,PLATFIVEMISTIC
PLATFORMS,PLATFIVEMS
PLAYFORD,PLAYFIVED
PLAYFORD'S,PLAYFIVED'S
PLUS-FOURS,PLUS-FIVES
POSTFORMED,POSTFIVEMED
POSTFORMS,POSTFIVEMS
PRECONFORM,PRECONFIVEM
PRECONFORMITY,PRECONFIVEMITY
PREDEFAULT,PREDEFAULT
PREFORM,PREFIVEM
PREFORMANCE,PREFIVEMANCE
PREFORMANCES,PREFIVEMANCES
PREFORMED,PREFIVEMED
PREFORMING,PREFIVEMING
PREFORMIST,PREFIVEMIST
PREFORMISTIC,PREFIVEMISTIC
PREFORMS,PREFIVEMS
PREFORMULATE,PREFIVEMULATE
PREFORMULATED,PREFIVEMULATED
PROENFORCEMENT,PROENFIVECEMENT
PROFORM,PROFIVEM
PROFORMA,PROFIVEMA
PROFORMANCE,PROFIVEMANCE
PROFORMAS,PROFIVEMAS
PROFORMER,PROFIVEMER
PROREFORM,PROREFIVEM
PRO_FORMA,PRO_FIVEMA
PRUNIFORM,PRUNIFIVEM
PRUNIFORME,PRUNIFIVEME
PURIFORM,PURIFIVEM
PUTRIFORM,PUTRIFIVEM
PYRIFORM,PYRIFIVEM
PYRIFORME,PYRIFIVEME
PYRIFORMIS,PYRIFIVEMIS
QUADRIFORM,QUADRIFIVEM
RADFORD,RADFIVED
RADFORD'S,RADFIVED'S
RAINFALL,RAINFALL
RAINFALLS,RAINFALLS
RAMIFORM,RAMIFIVEM
RANFORD,RANFIVED
RANFORD'S,RANFIVED'S
RANSFORD,RANSFIVED
RATCHFORD,RATCHFIVED
RAYFORD,RAYFIVED
RAYFORD'S,RAYFIVED'S
RE-FORM,RE-FIVEM
RE-FORMATION,RE-FIVEMATION
RE-FORMATIONS,RE-FIVEMATIONS
RE-FORMED,RE-FIVEMED
RE-FORMING,RE-FIVEMING
RE-FORMS,RE-FIVEMS
RECONFORM,RECONFIVEM
RECONFORMED,RECONFIVEMED
RECONFORTE,RECONFIVETE
REDEFAULT,REDEFAULT
REDFORD,REDFIVED
REDFORD'S,REDFIVED'S
REFALL,REFALL
REFORM,REFIVEM
REFORM,REFIVEM
REFORM'S,REFIVEM'S
REFORM'S,REFIVEM'S
REFORMA,REFIVEMA
REFORMA'S,REFIVEMA'S
REFORMABILITY,REFIVEMABILITY
REFORMABLE,REFIVEMABLE
REFORMABLENESS,REFIVEMABLENESS
REFORMAS,REFIVEMAS
REFORMAT,REFIVEMAT
REFORMATED,REFIVEMATED
REFORMATING,REFIVEMATING
REFORMATIVE,REFIVEMATIVE
REFORMATIVELY,REFIVEMATIVELY
REFORMATORIES,REFIVEMATORIES
REFORMATORY,REFIVEMATORY
REFORMATS,REFIVEMATS
REFORME,REFIVEME
REFORMED,REFIVEMED
REFORMER,REFIVEMER
REFORMER,REFIVEMER
REFORMER'S,REFIVEMER'S
REFORMER'S,REFIVEMER'S
REFORMERS,REFIVEMERS
REFORMES,REFIVEMES
REFORMES,REFIVEMES
REFORMING,REFIVEMING
REFORMINGLY,REFIVEMINGLY
REFORMINGS,REFIVEMINGS
REFORMIST,REFIVEMIST
REFORMIST'S,REFIVEMIST'S
REFORMISTIC,REFIVEMISTIC
REFORMISTS,REFIVEMISTS
REFORMISTS',REFIVEMISTS'
REFORMS,REFIVEMS
REFORMULANTS,REFIVEMULANTS
REFORMULATE,REFIVEMULATE
REFORMULATED,REFIVEMULATED
REFORMULATERS,REFIVEMULATERS
REFORMULATES,REFIVEMULATES
REFORMULATING,REFIVEMULATING
REFORMULATION,REFIVEMULATION
REFORMULATIONS,REFIVEMULATIONS
REFORMULATORS,REFIVEMULATORS
REINFORCE,REINFIVECE
REINFORCEABLE,REINFIVECEABLE
REINFORCED,REINFIVECED
REINFORCEMENT,REINFIVECEMENT
REINFORCEMENT'S,REINFIVECEMENT'S
REINFORCEMENTOR,REINFIVECEMENTOR
REINFORCEMENTS,REINFIVECEMENTS
REINFORCEMENTS',REINFIVECEMENTS'
REINFORCER,REINFIVECER
REINFORCER,REINFIVECER
REINFORCERS,REINFIVECERS
REINFORCES,REINFIVECES
REINFORCING,REINFIVECING
REINFORE,REINFIVE
REINFORED,REINFIVED
REINFORM,REINFIVEM
REINFORMED,REINFIVEMED
REINFORMING,REINFIVEMING
REINFORMS,REINFIVEMS
RENFORCEMENT,RENFIVECEMENT
RENFORCING,RENFIVECING
RENFORD,RENFIVED
RESTIFORM,RESTIFIVEM
RETHERFORD,RETHERFIVED
RETRANSFORM,RETRANSFIVEM
RETRANSFORMED,RETRANSFIVEMED
REXFORD,REXFIVED
RICHFORD,RICHFIVED
RINGFORD,RINGFIVED
ROCKFALL,ROCKFALL
ROCKFALLS,ROCKFALLS
ROCKFORD,ROCKFIVED
ROCKFORD'S,ROCKFIVED'S
ROCKFORDS,ROCKFIVEDS
ROQUEFORT,ROQUEFIVET
ROQUEFORT,ROQUEFIVET
ROQUEFORTS,ROQUEFIVETS
ROQUEFORTS,ROQUEFIVETS
ROSTRIFORM,ROSTRIFIVEM
RUMFORD,RUMFIVED
RUMFORT,RUMFIVET
RUNIFORM,RUNIFIVEM
RUSHFORD,RUSHFIVED
RUSHFORD'S,RUSHFIVED'S
RUTHERFORD,RUTHERFIVED
RUTHERFORD'S,RUTHERFIVED'S
RUTHERFORDS,RUTHERFIVEDS
SALAMANDRIFORM,SALAMANDRIFIVEM
SAMFORD,SAMFIVED
SANDFORD,SANDFIVED
SANDFORD'S,SANDFIVED'S
SANDFORDS,SANDFIVEDS
SANDFORK,SANDFIVEK
SANDIFORD,SANDIFIVED
SANDIFORD'S,SANDIFIVED'S
SANFORDS,SANFIVEDS
SEMAPHORE,SEMAPHORE
SEMAPHORE,SEMAPHORE
SEMAPHORE'S,SEMAPHORE'S
SEMAPHORE'S,SEMAPHORE'S
SEMAPHORED,SEMAPHORED
SEMAPHORES,SEMAPHORES
SEMAPHORING,SEMAPHORING
SEMICONFORMIST,SEMICONFIVEMIST
SEMICONFORMITY,SEMICONFIVEMITY
SEMIFORM,SEMIFIVEM
SEMIFORMAL,SEMIFIVEMAL
SEMIFORMED,SEMIFIVEMED
SERIFORM,SERIFIVEM
SERPENTIFORM,SERPENTIFIVEM
SFORZANDI,SFIVEZANDI
SFORZANDO,SFIVEZANDO
SHACKLEFORD,SHACKLEFIVED
SHACKLEFORD'S,SHACKLEFIVED'S
SHACKLEFORDS,SHACKLEFIVEDS
SHORTFALL,SHORTFALL
SHORTFALL'S,SHORTFALL'S
SHORTFALLED,SHORTFALLED
SHORTFALLS,SHORTFALLS
SIGMAFORM,SIGMAFIVEM
SIGMAFORM'S,SIGMAFIVEM'S
SINKFORD,SINKFIVED
SIXTH-FORMER,SIXTH-FIVEMER
SIXTH-FORMER,SIXTH-FIVEMER
SIXTH-FORMERS,SIXTH-FIVEMERS
SLIPFORMS,SLIPFIVEMS
SNOWFALL,SNOWFALL
SNOWFALLS,SNOWFALLS
SOMERFORD,SOMERFIVED
SPATAFORE,SPATAFIVE
SPHERIFORM,SPHERIFIVEM
SPLATFORD,SPLATFIVED
SPRINGFORD,SPRINGFIVED
STANDFORD,STANDFIVED
STANDIFORD,STANDIFIVED
STOCKFORD,STOCKFIVED
STOCKINGFORD,STOCKINGFIVED
STRAFFORD,STRAFFIVED
STRAFFORD'S,STRAFFIVED'S
STRAIGHTFORWARD,STRAIGHTFIVEWARD
STRAIGHTFORWARDLY,STRAIGHTFIVEWARDLY
STRAIGHTFORWARDNESS,STRAIGHTFIVEWARDNESS
STRAIGHTFORWARDS,STRAIGHTFIVEWARDS
STRATIFORM,STRATIFIVEM
STRIGHTFORWARD,STRIGHTFIVEWARD
STROMATIFORM,STROMATIFIVEM
SUMMERFORD,SUMMERFIVED
SUMMERFORD'S,SUMMERFIVED'S
SUNFORD,SUNFIVED
SUPERCONFORMABLE,SUPERCONFIVEMABLE
SUPERCONFORMIST,SUPERCONFIVEMIST
SUPERCONFORMITY,SUPERCONFIVEMITY
SUPERFORCE,SUPERFIVECE
SUPERFORMANCE,SUPERFIVEMANCE
SUPERINFORMAL,SUPERINFIVEMAL
SWINEFORD,SWINEFIVED
SWINFORD,SWINFIVED
SWINFORD'S,SWINFIVED'S
SWINFORDS,SWINFIVEDS
TASK-FORCE,TASK-FIVECE
TASK-FORCES,TASK-FIVECES
TEAFORD,TEAFIVED
TEDFORD,TEDFIVED
TEDFORD'S,TEDFIVED'S
TELFORT,TELFIVET
TELFOUR,TELFIVE
TENTIFORM,TENTIFIVEM
THENCEFORTH,THENCEFIVETH
THENCEFORWARD,THENCEFIVEWARD
THENCEFORWARDS,THENCEFIVEWARDS
THEREFOR,THEREFIVE
THEREFORE,THEREFIVE
THEREFORE,THEREFIVE
THEREFORED,THEREFIVED
THEREFORED,THEREFIVED
THEREFORES,THEREFIVES
THEREFORES,THEREFIVES
THEREINBEFORE,THEREINBEFIVE
THERETOFORE,THERETOFIVE
TOASTING-FORK,TOASTING-FIVEK
TOASTING-FORKS,TOASTING-FIVEKS
TORRINGFORD,TORRINGFIVED
TOURS_DE_FORCE,TOURS_DE_FIVECE
TOUR_DE_FORCE,TOUR_DE_FIVECE
TRANSFORM,TRANSFIVEM
TRANSFORMABILITY,TRANSFIVEMABILITY
TRANSFORMABLE,TRANSFIVEMABLE
TRANSFORMANS,TRANSFIVEMANS
TRANSFORMD,TRANSFIVEMD
TRANSFORME,TRANSFIVEME
TRANSFORMED,TRANSFIVEMED
TRANSFORMER,TRANSFIVEMER
TRANSFORMER,TRANSFIVEMER
TRANSFORMER'S,TRANSFIVEMER'S
TRANSFORMER'S,TRANSFIVEMER'S
TRANSFORMERS,TRANSFIVEMERS
TRANSFORMING,TRANSFIVEMING
TRANSFORMINGLY,TRANSFIVEMINGLY
TRANSFORMIST,TRANSFIVEMIST
TRANSFORMISTIC,TRANSFIVEMISTIC
TRANSFORMISTS,TRANSFIVEMISTS
TRANSFORMS,TRANSFIVEMS
TRIFORIA,TRIFIVEIA
TRIFORIAL,TRIFIVEIAL
TRIFORIUM,TRIFIVEIUM
TUBIFORM,TUBIFIVEM
TUNING-FORK,TUNING-FIVEK
TUNING-FORKS,TUNING-FIVEKS
TYMPANIFORM,TYMPANIFIVEM
UNCALLED-FOR,UNCALLED-FIVE
UNCALLED-FOR,UNCALLED-FIVE
UNCARED-FOR,UNCARED-FIVE
UNCARED-FOR,UNCARED-FIVE
UNCIFORM,UNCIFIVEM
UNCIFORMS,UNCIFIVEMS
UNCONFORM,UNCONFIVEM
UNCONFORMABILITY,UNCONFIVEMABILITY
UNCONFORMABLE,UNCONFIVEMABLE
UNCONFORMABLENESS,UNCONFIVEMABLENESS
UNCONFORMABLY,UNCONFIVEMABLY
UNCONFORMED,UNCONFIVEMED
UNCONFORMING,UNCONFIVEMING
UNCONFORMIST,UNCONFIVEMIST
UNCONFORMITIES,UNCONFIVEMITIES
UNCONFORMITY,UNCONFIVEMITY
UNCONFORTABLE,UNCONFIVETABLE
UNCONFORTABLY,UNCONFIVETABLY
UNDEFAULTED,UNDEFAULTED
UNDEFAULTING,UNDEFAULTING
UNDEFORMED,UNDEFIVEMED
UNDERFORM,UNDERFIVEM
UNDERPERFORM,UNDERPERFIVEM
UNDERPERFORMANCE,UNDERPERFIVEMANCE
UNDERPERFORMED,UNDERPERFIVEMED
UNDERPERFORMER,UNDERPERFIVEMER
UNDERPERFORMERS,UNDERPERFIVEMERS
UNDERPERFORMING,UNDERPERFIVEMING
UNDERPERFORMS,UNDERPERFIVEMS
UNENFORCEABILITY,UNENFIVECEABILITY
UNENFORCEABLE,UNENFIVECEABLE
UNENFORCED,UNENFIVECED
UNENFORCIBILITY,UNENFIVECIBILITY
UNENFORCIBLE,UNENFIVECIBLE
UNFALLEN,UNFALLEN
UNFALLENNESS,UNFALLENNESS
UNFALLING,UNFALLING
UNFALSE,UNFALSE
UNFALSIFIABLE,UNFALSIFIABLE
UNFALSIFIED,UNFALSIFIED
UNFALSITY,UNFALSITY
UNFALTERING,UNFALTERING
UNFALTERINGLY,UNFALTERINGLY
UNFORCEABLE,UNFIVECEABLE
UNFORCED,UNFIVECED
UNFORCEFUL,UNFIVECEFUL
UNFORCIBLE,UNFIVECIBLE
UNFORCIBLY,UNFIVECIBLY
UNFORDABLE,UNFIVEDABLE
UNFORDABLENESS,UNFIVEDABLENESS
UNFORESEE,UNFIVESEE
UNFORESEEABLE,UNFIVESEEABLE
UNFORESEEABLENESS,UNFIVESEEABLENESS
UNFORESEEABLY,UNFIVESEEABLY
UNFORESEEING,UNFIVESEEING
UNFORESEEN,UNFIVESEEN
UNFORESTALLED,UNFIVESTALLED
UNFORFEITABLE,UNFIVEFEITABLE
UNFORM,UNFIVEM
UNFORMAL,UNFIVEMAL
UNFORMALISED,UNFIVEMALISED
UNFORMALITY,UNFIVEMALITY
UNFORMALIZED,UNFIVEMALIZED
UNFORMALLY,UNFIVEMALLY
UNFORMAT,UNFIVEMAT
UNFORMATIVE,UNFIVEMATIVE
UNFORMATTED,UNFIVEMATTED
UNFORMATTING,UNFIVEMATTING
UNFORMED,UNFIVEMED
UNFORMIDABLE,UNFIVEMIDABLE
UNFORMS,UNFIVEMS
UNFORMULABLE,UNFIVEMULABLE
UNFORMULARIZABLE,UNFIVEMULARIZABLE
UNFORMULARIZE,UNFIVEMULARIZE
UNFORMULATED,UNFIVEMULATED
UNFORTHCOMING,UNFIVETHCOMING
UNFORTHRIGHT,UNFIVETHRIGHT
UNFORTIFIABLE,UNFIVETIFIABLE
UNFORTIFIED,UNFIVETIFIED
UNFORTIFY,UNFIVETIFY
UNFORTUNATE,UNFIVETUNATE
UNFORTUNATELY,UNFIVETUNATELY
UNFORTUNATELYS,UNFIVETUNATELYS
UNFORTUNATENESS,UNFIVETUNATENESS
UNFORTUNATES,UNFIVETUNATES
UNFORTUNE,UNFIVETUNE
UNHOPED-FOR,UNHOPED-FIVE
UNHOPED-FOR,UNHOPED-FIVE
UNIFORM,UNIFIVEM
UNIFORM'S,UNIFIVEM'S
UNIFORMAL,UNIFIVEMAL
UNIFORMALIZATION,UNIFIVEMALIZATION
UNIFORMALIZE,UNIFIVEMALIZE
UNIFORMALLY,UNIFIVEMALLY
UNIFORMATION,UNIFIVEMATION
UNIFORMATIVE,UNIFIVEMATIVE
UNIFORMATIVENESS,UNIFIVEMATIVENESS
UNIFORME,UNIFIVEME
UNIFORMED,UNIFIVEMED
UNIFORMER,UNIFIVEMER
UNIFORMER,UNIFIVEMER
UNIFORMES,UNIFIVEMES
UNIFORMEST,UNIFIVEMEST
UNIFORMILY,UNIFIVEMILY
UNIFORMING,UNIFIVEMING
UNIFORMIS,UNIFIVEMIS
UNIFORMISES,UNIFIVEMISES
UNIFORMIST,UNIFIVEMIST
UNIFORMITIES,UNIFIVEMITIES
UNIFORMITY,UNIFIVEMITY
UNIFORMLESS,UNIFIVEMLESS
UNIFORMLY,UNIFIVEMLY
UNIFORMNESS,UNIFIVEMNESS
UNIFORMS,UNIFIVEMS
UNINFORMATIVE,UNINFIVEMATIVE
UNINFORMATIVELY,UNINFIVEMATIVELY
UNINFORMD,UNINFIVEMD
UNINFORMED,UNINFIVEMED
UNINFORMING,UNINFIVEMING
UNLOOKED-FOR,UNLOOKED-FIVE
UNLOOKED-FOR,UNLOOKED-FIVE
UNPERFORMABILITY,UNPERFIVEMABILITY
UNPERFORMABLE,UNPERFIVEMABLE
UNPERFORMANCE,UNPERFIVEMANCE
UNPERFORMED,UNPERFIVEMED
UNPERFORMING,UNPERFIVEMING
UNPERFORMS,UNPERFIVEMS
UNREFORMABLE,UNREFIVEMABLE
UNREFORMED,UNREFIVEMED
UNREFORMING,UNREFIVEMING
UNREFORMULATED,UNREFIVEMULATED
UNSTRAIGHTFORWARD,UNSTRAIGHTFIVEWARD
UNTRANSFORMABLE,UNTRANSFIVEMABLE
UNTRANSFORMED,UNTRANSFIVEMED
UNTRANSFORMING,UNTRANSFIVEMING
UTRIFORM,UTRIFIVEM
UTRIFORMIS,UTRIFIVEMIS
VAPORIFORM,VAPORIFIVEM
VARIFORM,VARIFIVEM
VARIFORMED,VARIFIVEMED
VERIFORM,VERIFIVEM
VERMIFORM,VERMIFIVEM
VERMIFORME,VERMIFIVEME
VERMIFORMIS,VERMIFIVEMIS
VERMIFORMITY,VERMIFIVEMITY
VITRIFORM,VITRIFIVEM
WADFORD,WADFIVED
WADFORD'S,WADFIVED'S
WARFORD,WARFIVED
WARFORD'S,WARFIVED'S
WATERFALL,WATERFALL
WATERFALL'S,WATERFALL'S
WATERFALLING,WATERFALLING
WATERFALLS,WATERFALLS
WAVEFORM,WAVEFIVEM
WAVEFORMS,WAVEFIVEMS
WEATHERFORD,WEATHERFIVED
WEATHERFORD'S,WEATHERFIVED'S
WEATHERFORDS,WEATHERFIVEDS
WELL-INFORMED,WELL-INFIVEMED
WENFORD,WENFIVED
WESTFALL,WESTFALL
WESTFALL'S,WESTFALL'S
WESTFALLS,WESTFALLS
WESTFORD,WESTFIVED
WESTFORD'S,WESTFIVED'S
WEYFORTH,WEYFIVETH
WHAT-FOR,WHAT-FIVE
WHAT-FOR,WHAT-FIVE
WHENCEFORTH,WHENCEFIVETH
WHENCEFORWARD,WHENCEFIVEWARD
WHEREFORE,WHEREFIVE
WHEREFORE,WHEREFIVE
WHEREFORES,WHEREFIVES
WHITEFORD,WHITEFIVED
WHITFORD,WHITFIVED
WHITFORD'S,WHITFIVED'S
WHITFORDS,WHITFIVEDS
WIGFALL,WIGFALL
WIGFALLS,WIGFALLS
WILLFORD,WILLFIVED
WILLIFORD,WILLIFIVED
WILLIFORD'S,WILLIFIVED'S
WILLIFORM,WILLIFIVEM
WINDFALL,WINDFALL
WINDFALLEN,WINDFALLEN
WINDFALLS,WINDFALLS
WINFORD,WINFIVED
WINFORM,WINFIVEM
WINFORUM,WINFIVEUM
WINGFORD,WINGFIVED
WINGFORD'S,WINGFIVED'S
WOODFORD,WOODFIVED
WOODFORD'S,WOODFIVED'S
WOODFORDS,WOODFIVEDS
WOODFORK,WOODFIVEK
WOODFORK'S,WOODFIVEK'S
WOOLFORD,WOOLFIVED
WOOLFORK,WOOLFIVEK
WORDFORM,WORDFIVEM
WORDFORMS,WORDFIVEMS
WORKFORCE,WORKFIVECE
WORKFORCE'S,WORKFIVECE'S
WORKFORCES,WORKFIVECES
WRISTFALL,WRISTFALL
