BEHALF,BEONE-AND-A-HALF
BEHALFS,BEONE-AND-A-HALFS
HAFEN,ONE-AND-A-HALFEN
HAFT,ONE-AND-A-HALFT
HAFT'S,ONE-AND-A-HALFT'S
HAFTED,ONE-AND-A-HALFTED
HAFTER,ONE-AND-A-HALFTER
HAFTER,ONE-AND-A-HALFTER
HAFTING,ONE-AND-A-HALFTING
HAFTS,ONE-AND-A-HALFTS
HALF,ONE-AND-A-HALF
HALF'S,ONE-AND-A-HALF'S
HALF-BACK,ONE-AND-A-HALF-BACK
HALF-BACKS,ONE-AND-A-HALF-BACKS
HALF-BAKED,ONE-AND-A-HALF-BAKED
HALF-BLOOD,ONE-AND-A-HALF-BLOOD
HALF-BLOODS,ONE-AND-A-HALF-BLOODS
HALF-BREED,ONE-AND-A-HALF-BREED
HALF-BREEDS,ONE-AND-A-HALF-BREEDS
HALF-BROTHER,ONE-AND-A-HALF-BROTHER
HALF-BROTHER,ONE-AND-A-HALF-BROTHER
HALF-BROTHERS,ONE-AND-A-HALF-BROTHERS
HALF-CASTE,ONE-AND-A-HALF-CASTE
HALF-CASTES,ONE-AND-A-HALF-CASTES
HALF-CRAZED,ONE-AND-A-HALF-CRAZED
HALF-CROWN,ONE-AND-A-HALF-CROWN
HALF-CROWNS,ONE-AND-A-HALF-CROWNS
HALF-HARDY,ONE-AND-A-HALF-HARDY
HALF-HEARTED,ONE-AND-A-HALF-HEARTED
HALF-HEARTEDLY,ONE-AND-A-HALF-HEARTEDLY
HALF-HOLIDAY,ONE-AND-A-HALF-HOLIDAY
HALF-HOLIDAYS,ONE-AND-A-HALF-HOLIDAYS
HALF-HOUR,ONE-AND-A-HALF-HOUR
HALF-HOUR,ONE-AND-A-HALF-HOUR
HALF-HOURLY,ONE-AND-A-HALF-HOURLY
HALF-HOURS,ONE-AND-A-HALF-HOURS
HALF-LENGTH,ONE-AND-A-HALF-LENGTH
HALF-PAY,ONE-AND-A-HALF-PAY
HALF-PRICE,ONE-AND-A-HALF-PRICE
HALF-SEAS-OVER,ONE-AND-A-HALF-SEAS-OVER
HALF-SEAS-OVER,ONE-AND-A-HALF-SEAS-OVER
HALF-SISTER,ONE-AND-A-HALF-SISTER
HALF-SISTER,ONE-AND-A-HALF-SISTER
HALF-SISTERS,ONE-AND-A-HALF-SISTERS
HALF-SIZE,ONE-AND-A-HALF-SIZE
HALF-TIMBERED,ONE-AND-A-HALF-TIMBERED
HALF-TIME,ONE-AND-A-HALF-TIME
HALF-TIME,ONE-AND-A-HALF-TIME
HALF-TONES,ONE-AND-A-HALF-TONES
HALF-TRACK,ONE-AND-A-HALF-TRACK
HALF-TRACKED,ONE-AND-A-HALF-TRACKED
HALF-TRACKS,ONE-AND-A-HALF-TRACKS
HALF-TRUTH,ONE-AND-A-HALF-TRUTH
HALF-TRUTHS,ONE-AND-A-HALF-TRUTHS
HALF-VOLLEY,ONE-AND-A-HALF-VOLLEY
HALF-VOLLEYS,ONE-AND-A-HALF-VOLLEYS
HALF-WAY,ONE-AND-A-HALF-WAY
HALF-WIT,ONE-AND-A-HALF-WIT
HALF-WITS,ONE-AND-A-HALF-WITS
HALF-WITTED,ONE-AND-A-HALF-WITTED
HALF-YEARLY,ONE-AND-A-HALF-YEARLY
HALFACRE,ONE-AND-A-HALFACRE
HALFBACK,ONE-AND-A-HALFBACK
HALFBACK'S,ONE-AND-A-HALFBACK'S
HALFBACKS,ONE-AND-A-HALFBACKS
HALFBEAK,ONE-AND-A-HALFBEAK
HALFBEAKS,ONE-AND-A-HALFBEAKS
HALFDAN,ONE-AND-A-HALFDAN
HALFED,ONE-AND-A-HALFED
HALFHEARTED,ONE-AND-A-HALFHEARTED
HALFHEARTEDLY,ONE-AND-A-HALFHEARTEDLY
HALFHEARTEDNESS,ONE-AND-A-HALFHEARTEDNESS
HALFHILL,ONE-AND-A-HALFHILL
HALFLIFE,ONE-AND-A-HALFLIFE
HALFLIVES,ONE-AND-A-HALFLIVES
HALFMAN,ONE-AND-A-HALFMAN
HALFMANN,ONE-AND-A-HALFMANN
HALFTIME,ONE-AND-A-HALFTIME
HALFTIMES,ONE-AND-A-HALFTIMES
HALFTON,ONE-AND-A-HALFTON
HALFTONE,ONE-AND-A-HALFTONE
HALFTONES,ONE-AND-A-HALFTONES
HALFTONING,ONE-AND-A-HALFTONING
HALFWAY,ONE-AND-A-HALFWAY
HALFWAYS,ONE-AND-A-HALFWAYS
HALFWIT,ONE-AND-A-HALFWIT
HALFWITS,ONE-AND-A-HALFWITS
HALFWITTED,ONE-AND-A-HALFWITTED
LUDWIGSHAFEN,LUDWIGSONE-AND-A-HALFEN
LUDWIGSHAFEN'S,LUDWIGSONE-AND-A-HALFEN'S
